Region,Date,Home,Score,Away
CONMEBOL,7 September 2023(2023-09-07),Paraguay,0–0,Peru
CONMEBOL,Unknown Date,Paraguay,0–0,Peru
CONMEBOL,7 September 2023(2023-09-07),Colombia,1–0,Venezuela
CONMEBOL,Unknown Date,Colombia,1–0,Venezuela
CONMEBOL,7 September 2023(2023-09-07),Argentina,1–0,Ecuador
CONMEBOL,Unknown Date,Argentina,1–0,Ecuador
CONMEBOL,8 September 2023(2023-09-08),Uruguay,3–1,Chile
CONMEBOL,Unknown Date,Uruguay,3–1,Chile
CONMEBOL,8 September 2023(2023-09-08),Brazil,5–1,Bolivia
CONMEBOL,Unknown Date,Brazil,5–1,Bolivia
CONMEBOL,12 September 2023(2023-09-12),Bolivia,0–3,Argentina
CONMEBOL,Unknown Date,Bolivia,0–3,Argentina
CONMEBOL,12 September 2023(2023-09-12),Ecuador,2–1,Uruguay
CONMEBOL,Unknown Date,Ecuador,2–1,Uruguay
CONMEBOL,12 September 2023(2023-09-12),Venezuela,1–0,Paraguay
CONMEBOL,Unknown Date,Venezuela,1–0,Paraguay
CONMEBOL,12 September 2023(2023-09-12),Chile,0–0,Colombia
CONMEBOL,Unknown Date,Chile,0–0,Colombia
CONMEBOL,12 September 2023(2023-09-12),Peru,0–1,Brazil
CONMEBOL,Unknown Date,Peru,0–1,Brazil
CONMEBOL,12 October 2023(2023-10-12),Colombia,2–2,Uruguay
CONMEBOL,Unknown Date,Colombia,2–2,Uruguay
CONMEBOL,12 October 2023(2023-10-12),Bolivia,1–2,Ecuador
CONMEBOL,Unknown Date,Bolivia,1–2,Ecuador
CONMEBOL,12 October 2023(2023-10-12),Argentina,1–0,Paraguay
CONMEBOL,Unknown Date,Argentina,1–0,Paraguay
CONMEBOL,12 October 2023(2023-10-12),Chile,2–0,Peru
CONMEBOL,Unknown Date,Chile,2–0,Peru
CONMEBOL,12 October 2023(2023-10-12),Brazil,1–1,Venezuela
CONMEBOL,Unknown Date,Brazil,1–1,Venezuela
CONMEBOL,17 October 2023(2023-10-17),Venezuela,3–0,Chile
CONMEBOL,Unknown Date,Venezuela,3–0,Chile
CONMEBOL,17 October 2023(2023-10-17),Paraguay,1–0,Bolivia
CONMEBOL,Unknown Date,Paraguay,1–0,Bolivia
CONMEBOL,17 October 2023(2023-10-17),Ecuador,0–0,Colombia
CONMEBOL,Unknown Date,Ecuador,0–0,Colombia
CONMEBOL,17 October 2023(2023-10-17),Uruguay,2–0,Brazil
CONMEBOL,Unknown Date,Uruguay,2–0,Brazil
CONMEBOL,17 October 2023(2023-10-17),Peru,0–2,Argentina
CONMEBOL,Unknown Date,Peru,0–2,Argentina
CONMEBOL,16 November 2023(2023-11-16),Bolivia,2–0,Peru
CONMEBOL,Unknown Date,Bolivia,2–0,Peru
CONMEBOL,16 November 2023(2023-11-16),Venezuela,0–0,Ecuador
CONMEBOL,Unknown Date,Venezuela,0–0,Ecuador
CONMEBOL,16 November 2023(2023-11-16),Colombia,2–1,Brazil
CONMEBOL,Unknown Date,Colombia,2–1,Brazil
CONMEBOL,16 November 2023(2023-11-16),Argentina,0–2,Uruguay
CONMEBOL,Unknown Date,Argentina,0–2,Uruguay
CONMEBOL,16 November 2023(2023-11-16),Chile,0–0,Paraguay
CONMEBOL,Unknown Date,Chile,0–0,Paraguay
CONMEBOL,21 November 2023(2023-11-21),Paraguay,0–1,Colombia
CONMEBOL,Unknown Date,Paraguay,0–1,Colombia
CONMEBOL,21 November 2023(2023-11-21),Uruguay,3–0,Bolivia
CONMEBOL,Unknown Date,Uruguay,3–0,Bolivia
CONMEBOL,21 November 2023(2023-11-21),Ecuador,1–0,Chile
CONMEBOL,Unknown Date,Ecuador,1–0,Chile
CONMEBOL,21 November 2023(2023-11-21),Brazil,0–1,Argentina
CONMEBOL,Unknown Date,Brazil,0–1,Argentina
CONMEBOL,21 November 2023(2023-11-21),Peru,1–1,Venezuela
CONMEBOL,Unknown Date,Peru,1–1,Venezuela
CONMEBOL,5 September 2024(2024-09-05),Bolivia,4–0,Venezuela
CONMEBOL,Unknown Date,Bolivia,4–0,Venezuela
CONMEBOL,5 September 2024(2024-09-05),Argentina,3–0,Chile
CONMEBOL,Unknown Date,Argentina,3–0,Chile
CONMEBOL,6 September 2024(2024-09-06),Uruguay,0–0,Paraguay
CONMEBOL,Unknown Date,Uruguay,0–0,Paraguay
CONMEBOL,6 September 2024(2024-09-06),Brazil,1–0,Ecuador
CONMEBOL,Unknown Date,Brazil,1–0,Ecuador
CONMEBOL,6 September 2024(2024-09-06),Peru,1–1,Colombia
CONMEBOL,Unknown Date,Peru,1–1,Colombia
CONMEBOL,10 September 2024(2024-09-10),Colombia,2–1,Argentina
CONMEBOL,Unknown Date,Colombia,2–1,Argentina
CONMEBOL,10 September 2024(2024-09-10),Chile,1–2,Bolivia
CONMEBOL,Unknown Date,Chile,1–2,Bolivia
CONMEBOL,10 September 2024(2024-09-10),Ecuador,1–0,Peru
CONMEBOL,Unknown Date,Ecuador,1–0,Peru
CONMEBOL,10 September 2024(2024-09-10),Venezuela,0–0,Uruguay
CONMEBOL,Unknown Date,Venezuela,0–0,Uruguay
CONMEBOL,10 September 2024(2024-09-10),Paraguay,1–0,Brazil
CONMEBOL,Unknown Date,Paraguay,1–0,Brazil
CONMEBOL,10 October 2024(2024-10-10),Bolivia,1–0,Colombia
CONMEBOL,Unknown Date,Bolivia,1–0,Colombia
CONMEBOL,10 October 2024(2024-10-10),Ecuador,0–0,Paraguay
CONMEBOL,Unknown Date,Ecuador,0–0,Paraguay
CONMEBOL,10 October 2024(2024-10-10),Venezuela,1–1,Argentina
CONMEBOL,Unknown Date,Venezuela,1–1,Argentina
CONMEBOL,10 October 2024(2024-10-10),Chile,1–2,Brazil
CONMEBOL,Unknown Date,Chile,1–2,Brazil
CONMEBOL,11 October 2024(2024-10-11),Peru,1–0,Uruguay
CONMEBOL,Unknown Date,Peru,1–0,Uruguay
CONMEBOL,15 October 2024(2024-10-15),Colombia,4–0,Chile
CONMEBOL,Unknown Date,Colombia,4–0,Chile
CONMEBOL,15 October 2024(2024-10-15),Paraguay,2–1,Venezuela
CONMEBOL,Unknown Date,Paraguay,2–1,Venezuela
CONMEBOL,15 October 2024(2024-10-15),Uruguay,0–0,Ecuador
CONMEBOL,Unknown Date,Uruguay,0–0,Ecuador
CONMEBOL,15 October 2024(2024-10-15),Argentina,6–0,Bolivia
CONMEBOL,Unknown Date,Argentina,6–0,Bolivia
CONMEBOL,15 October 2024(2024-10-15),Brazil,4–0,Peru
CONMEBOL,Unknown Date,Brazil,4–0,Peru
CONMEBOL,14 November 2024(2024-11-14),Venezuela,1–1,Brazil
CONMEBOL,Unknown Date,Venezuela,1–1,Brazil
CONMEBOL,14 November 2024(2024-11-14),Paraguay,2–1,Argentina
CONMEBOL,Unknown Date,Paraguay,2–1,Argentina
CONMEBOL,14 November 2024(2024-11-14),Ecuador,4–0,Bolivia
CONMEBOL,Unknown Date,Ecuador,4–0,Bolivia
CONMEBOL,15 November 2024(2024-11-15),Uruguay,3–2,Colombia
CONMEBOL,Unknown Date,Uruguay,3–2,Colombia
CONMEBOL,15 November 2024(2024-11-15),Peru,0–0,Chile
CONMEBOL,Unknown Date,Peru,0–0,Chile
CONMEBOL,19 November 2024(2024-11-19),Bolivia,2–2,Paraguay
CONMEBOL,Unknown Date,Bolivia,2–2,Paraguay
CONMEBOL,19 November 2024(2024-11-19),Colombia,0–1,Ecuador
CONMEBOL,Unknown Date,Colombia,0–1,Ecuador
CONMEBOL,19 November 2024(2024-11-19),Argentina,1–0,Peru
CONMEBOL,Unknown Date,Argentina,1–0,Peru
CONMEBOL,19 November 2024(2024-11-19),Chile,4–2,Venezuela
CONMEBOL,Unknown Date,Chile,4–2,Venezuela
CONMEBOL,19 November 2024(2024-11-19),Brazil,1–1,Uruguay
CONMEBOL,Unknown Date,Brazil,1–1,Uruguay
CONMEBOL,20 March 2025(2025-03-20),Paraguay,1–0,Chile
CONMEBOL,Unknown Date,Paraguay,1–0,Chile
CONMEBOL,20 March 2025(2025-03-20),Brazil,2–1,Colombia
CONMEBOL,Unknown Date,Brazil,2–1,Colombia
CONMEBOL,20 March 2025(2025-03-20),Peru,3–1,Bolivia
CONMEBOL,Unknown Date,Peru,3–1,Bolivia
CONMEBOL,21 March 2025(2025-03-21),Ecuador,2–1,Venezuela
CONMEBOL,Unknown Date,Ecuador,2–1,Venezuela
CONMEBOL,21 March 2025(2025-03-21),Uruguay,0–1,Argentina
CONMEBOL,Unknown Date,Uruguay,0–1,Argentina
CONMEBOL,25 March 2025(2025-03-25),Bolivia,0–0,Uruguay
CONMEBOL,Unknown Date,Bolivia,0–0,Uruguay
CONMEBOL,25 March 2025(2025-03-25),Colombia,2–2,Paraguay
CONMEBOL,Unknown Date,Colombia,2–2,Paraguay
CONMEBOL,25 March 2025(2025-03-25),Venezuela,1–0,Peru
CONMEBOL,Unknown Date,Venezuela,1–0,Peru
CONMEBOL,25 March 2025(2025-03-25),Argentina,4–1,Brazil
CONMEBOL,Unknown Date,Argentina,4–1,Brazil
CONMEBOL,25 March 2025(2025-03-25),Chile,0–0,Ecuador
CONMEBOL,Unknown Date,Chile,0–0,Ecuador
CONMEBOL,5 June 2025(2025-06-05),Paraguay,2–0,Uruguay
CONMEBOL,Unknown Date,Paraguay,2–0,Uruguay
CONMEBOL,5 June 2025(2025-06-05),Ecuador,0–0,Brazil
CONMEBOL,Unknown Date,Ecuador,0–0,Brazil
CONMEBOL,5 June 2025(2025-06-05),Chile,0–1,Argentina
CONMEBOL,Unknown Date,Chile,0–1,Argentina
CONMEBOL,6 June 2025(2025-06-06),Colombia,0–0,Peru
CONMEBOL,Unknown Date,Colombia,0–0,Peru
CONMEBOL,6 June 2025(2025-06-06),Venezuela,2–0,Bolivia
CONMEBOL,Unknown Date,Venezuela,2–0,Bolivia
CONMEBOL,10 June 2025(2025-06-10),Bolivia,2–0,Chile
CONMEBOL,Unknown Date,Bolivia,2–0,Chile
CONMEBOL,10 June 2025(2025-06-10),Uruguay,2–0,Venezuela
CONMEBOL,Unknown Date,Uruguay,2–0,Venezuela
CONMEBOL,10 June 2025(2025-06-10),Argentina,1–1,Colombia
CONMEBOL,Unknown Date,Argentina,1–1,Colombia
CONMEBOL,10 June 2025(2025-06-10),Brazil,1–0,Paraguay
CONMEBOL,Unknown Date,Brazil,1–0,Paraguay
CONMEBOL,10 June 2025(2025-06-10),Peru,0–0,Ecuador
CONMEBOL,Unknown Date,Peru,0–0,Ecuador
CONMEBOL,4 September 2025(2025-09-04),Uruguay,3–0,Peru
CONMEBOL,Unknown Date,Uruguay,3–0,Peru
CONMEBOL,4 September 2025(2025-09-04),Colombia,3–0,Bolivia
CONMEBOL,Unknown Date,Colombia,3–0,Bolivia
CONMEBOL,4 September 2025(2025-09-04),Paraguay,0–0,Ecuador
CONMEBOL,Unknown Date,Paraguay,0–0,Ecuador
CONMEBOL,4 September 2025(2025-09-04),Argentina,3–0,Venezuela
CONMEBOL,Unknown Date,Argentina,3–0,Venezuela
CONMEBOL,4 September 2025(2025-09-04),Brazil,3–0,Chile
CONMEBOL,Unknown Date,Brazil,3–0,Chile
CONMEBOL,9 September 2025(2025-09-09),Ecuador,1–0,Argentina
CONMEBOL,Unknown Date,Ecuador,1–0,Argentina
CONMEBOL,9 September 2025(2025-09-09),Peru,0–1,Paraguay
CONMEBOL,Unknown Date,Peru,0–1,Paraguay
CONMEBOL,9 September 2025(2025-09-09),Venezuela,3–6,Colombia
CONMEBOL,Unknown Date,Venezuela,3–6,Colombia
CONMEBOL,9 September 2025(2025-09-09),Bolivia,1–0,Brazil
CONMEBOL,Unknown Date,Bolivia,1–0,Brazil
CONMEBOL,9 September 2025(2025-09-09),Chile,0–0,Uruguay
CONMEBOL,Unknown Date,Chile,0–0,Uruguay
UEFA_Group_A,4 September 2025(2025-09-04),Luxembourg,1–3,Northern Ireland
UEFA_Group_A,Unknown Date,Luxembourg,1–3,Northern Ireland
UEFA_Group_A,4 September 2025(2025-09-04),Slovakia,2–0,Germany
UEFA_Group_A,Unknown Date,Slovakia,2–0,Germany
UEFA_Group_A,7 September 2025(2025-09-07),Luxembourg,0–1,Slovakia
UEFA_Group_A,Unknown Date,Luxembourg,0–1,Slovakia
UEFA_Group_A,7 September 2025(2025-09-07),Germany,3–1,Northern Ireland
UEFA_Group_A,Unknown Date,Germany,3–1,Northern Ireland
UEFA_Group_A,10 October 2025(2025-10-10),Northern Ireland,2–0,Slovakia
UEFA_Group_A,Unknown Date,Northern Ireland,2–0,Slovakia
UEFA_Group_A,10 October 2025(2025-10-10),Germany,4–0,Luxembourg
UEFA_Group_A,Unknown Date,Germany,4–0,Luxembourg
UEFA_Group_A,13 October 2025(2025-10-13),Northern Ireland,0–1,Germany
UEFA_Group_A,Unknown Date,Northern Ireland,0–1,Germany
UEFA_Group_A,13 October 2025(2025-10-13),Slovakia,2–0,Luxembourg
UEFA_Group_A,Unknown Date,Slovakia,2–0,Luxembourg
UEFA_Group_A,14 November 2025(2025-11-14),Luxembourg,0–2,Germany
UEFA_Group_A,Unknown Date,Luxembourg,0–2,Germany
UEFA_Group_A,14 November 2025(2025-11-14),Slovakia,1–0,Northern Ireland
UEFA_Group_A,Unknown Date,Slovakia,1–0,Northern Ireland
UEFA_Group_A,17 November 2025(2025-11-17),Northern Ireland,1–0,Luxembourg
UEFA_Group_A,Unknown Date,Northern Ireland,1–0,Luxembourg
UEFA_Group_A,17 November 2025(2025-11-17),Germany,6–0,Slovakia
UEFA_Group_A,Unknown Date,Germany,6–0,Slovakia
UEFA_Group_B,5 September 2025(2025-09-05),Slovenia,2–2,Sweden
UEFA_Group_B,Unknown Date,Slovenia,2–2,Sweden
UEFA_Group_B,5 September 2025(2025-09-05),Switzerland,4–0,Kosovo
UEFA_Group_B,Unknown Date,Switzerland,4–0,Kosovo
UEFA_Group_B,8 September 2025(2025-09-08),Kosovo,2–0,Sweden
UEFA_Group_B,Unknown Date,Kosovo,2–0,Sweden
UEFA_Group_B,8 September 2025(2025-09-08),Switzerland,3–0,Slovenia
UEFA_Group_B,Unknown Date,Switzerland,3–0,Slovenia
UEFA_Group_B,10 October 2025(2025-10-10),Kosovo,0–0,Slovenia
UEFA_Group_B,Unknown Date,Kosovo,0–0,Slovenia
UEFA_Group_B,10 October 2025(2025-10-10),Sweden,0–2,Switzerland
UEFA_Group_B,Unknown Date,Sweden,0–2,Switzerland
UEFA_Group_B,13 October 2025(2025-10-13),Slovenia,0–0,Switzerland
UEFA_Group_B,Unknown Date,Slovenia,0–0,Switzerland
UEFA_Group_B,13 October 2025(2025-10-13),Sweden,0–1,Kosovo
UEFA_Group_B,Unknown Date,Sweden,0–1,Kosovo
UEFA_Group_B,15 November 2025(2025-11-15),Slovenia,0–2,Kosovo
UEFA_Group_B,Unknown Date,Slovenia,0–2,Kosovo
UEFA_Group_B,15 November 2025(2025-11-15),Switzerland,4–1,Sweden
UEFA_Group_B,Unknown Date,Switzerland,4–1,Sweden
UEFA_Group_B,18 November 2025(2025-11-18),Kosovo,1–1,Switzerland
UEFA_Group_B,Unknown Date,Kosovo,1–1,Switzerland
UEFA_Group_B,18 November 2025(2025-11-18),Sweden,1–1,Slovenia
UEFA_Group_B,Unknown Date,Sweden,1–1,Slovenia
UEFA_Group_C,5 September 2025(2025-09-05),Greece,5–1,Belarus
UEFA_Group_C,Unknown Date,Greece,5–1,Belarus
UEFA_Group_C,5 September 2025(2025-09-05),Denmark,0–0,Scotland
UEFA_Group_C,Unknown Date,Denmark,0–0,Scotland
UEFA_Group_C,8 September 2025(2025-09-08),Belarus,0–2,Scotland
UEFA_Group_C,Unknown Date,Belarus,0–2,Scotland
UEFA_Group_C,8 September 2025(2025-09-08),Greece,0–3,Denmark
UEFA_Group_C,Unknown Date,Greece,0–3,Denmark
UEFA_Group_C,9 October 2025(2025-10-09),Belarus,0–6,Denmark
UEFA_Group_C,Unknown Date,Belarus,0–6,Denmark
UEFA_Group_C,9 October 2025(2025-10-09),Scotland,3–1,Greece
UEFA_Group_C,Unknown Date,Scotland,3–1,Greece
UEFA_Group_C,12 October 2025(2025-10-12),Scotland,2–1,Belarus
UEFA_Group_C,Unknown Date,Scotland,2–1,Belarus
UEFA_Group_C,12 October 2025(2025-10-12),Denmark,3–1,Greece
UEFA_Group_C,Unknown Date,Denmark,3–1,Greece
UEFA_Group_C,15 November 2025(2025-11-15),Greece,3–2,Scotland
UEFA_Group_C,Unknown Date,Greece,3–2,Scotland
UEFA_Group_C,15 November 2025(2025-11-15),Denmark,2–2,Belarus
UEFA_Group_C,Unknown Date,Denmark,2–2,Belarus
UEFA_Group_C,18 November 2025(2025-11-18),Belarus,0–0,Greece
UEFA_Group_C,Unknown Date,Belarus,0–0,Greece
UEFA_Group_C,18 November 2025(2025-11-18),Scotland,4–2,Denmark
UEFA_Group_C,Unknown Date,Scotland,4–2,Denmark
UEFA_Group_D,5 September 2025(2025-09-05),Iceland,5–0,Azerbaijan
UEFA_Group_D,Unknown Date,Iceland,5–0,Azerbaijan
UEFA_Group_D,5 September 2025(2025-09-05),Ukraine,0–2,France
UEFA_Group_D,Unknown Date,Ukraine,0–2,France
UEFA_Group_D,9 September 2025(2025-09-09),Azerbaijan,1–1,Ukraine
UEFA_Group_D,Unknown Date,Azerbaijan,1–1,Ukraine
UEFA_Group_D,9 September 2025(2025-09-09),France,2–1,Iceland
UEFA_Group_D,Unknown Date,France,2–1,Iceland
UEFA_Group_D,10 October 2025(2025-10-10),Iceland,3–5,Ukraine
UEFA_Group_D,Unknown Date,Iceland,3–5,Ukraine
UEFA_Group_D,10 October 2025(2025-10-10),France,3–0,Azerbaijan
UEFA_Group_D,Unknown Date,France,3–0,Azerbaijan
UEFA_Group_D,13 October 2025(2025-10-13),Iceland,2–2,France
UEFA_Group_D,Unknown Date,Iceland,2–2,France
UEFA_Group_D,13 October 2025(2025-10-13),Ukraine,2–1,Azerbaijan
UEFA_Group_D,Unknown Date,Ukraine,2–1,Azerbaijan
UEFA_Group_D,13 November 2025(2025-11-13),Azerbaijan,0–2,Iceland
UEFA_Group_D,Unknown Date,Azerbaijan,0–2,Iceland
UEFA_Group_D,13 November 2025(2025-11-13),France,4–0,Ukraine
UEFA_Group_D,Unknown Date,France,4–0,Ukraine
UEFA_Group_D,16 November 2025(2025-11-16),Azerbaijan,1–3,France
UEFA_Group_D,Unknown Date,Azerbaijan,1–3,France
UEFA_Group_D,16 November 2025(2025-11-16),Ukraine,2–0,Iceland
UEFA_Group_D,Unknown Date,Ukraine,2–0,Iceland
UEFA_Group_E,4 September 2025(2025-09-04),Georgia,2–3,Turkey
UEFA_Group_E,Unknown Date,Georgia,2–3,Turkey
UEFA_Group_E,4 September 2025(2025-09-04),Bulgaria,0–3,Spain
UEFA_Group_E,Unknown Date,Bulgaria,0–3,Spain
UEFA_Group_E,7 September 2025(2025-09-07),Georgia,3–0,Bulgaria
UEFA_Group_E,Unknown Date,Georgia,3–0,Bulgaria
UEFA_Group_E,7 September 2025(2025-09-07),Turkey,0–6,Spain
UEFA_Group_E,Unknown Date,Turkey,0–6,Spain
UEFA_Group_E,11 October 2025(2025-10-11),Bulgaria,1–6,Turkey
UEFA_Group_E,Unknown Date,Bulgaria,1–6,Turkey
UEFA_Group_E,11 October 2025(2025-10-11),Spain,2–0,Georgia
UEFA_Group_E,Unknown Date,Spain,2–0,Georgia
UEFA_Group_E,14 October 2025(2025-10-14),Turkey,4–1,Georgia
UEFA_Group_E,Unknown Date,Turkey,4–1,Georgia
UEFA_Group_E,14 October 2025(2025-10-14),Spain,4–0,Bulgaria
UEFA_Group_E,Unknown Date,Spain,4–0,Bulgaria
UEFA_Group_E,15 November 2025(2025-11-15),Georgia,0–4,Spain
UEFA_Group_E,Unknown Date,Georgia,0–4,Spain
UEFA_Group_E,15 November 2025(2025-11-15),Turkey,2–0,Bulgaria
UEFA_Group_E,Unknown Date,Turkey,2–0,Bulgaria
UEFA_Group_E,18 November 2025(2025-11-18),Bulgaria,2–1,Georgia
UEFA_Group_E,Unknown Date,Bulgaria,2–1,Georgia
UEFA_Group_E,18 November 2025(2025-11-18),Spain,2–2,Turkey
UEFA_Group_E,Unknown Date,Spain,2–2,Turkey
UEFA_Group_F,6 September 2025(2025-09-06),Armenia,0–5,Portugal
UEFA_Group_F,Unknown Date,Armenia,0–5,Portugal
UEFA_Group_F,6 September 2025(2025-09-06),Republic of Ireland,2–2,Hungary
UEFA_Group_F,Unknown Date,Republic of Ireland,2–2,Hungary
UEFA_Group_F,9 September 2025(2025-09-09),Armenia,2–1,Republic of Ireland
UEFA_Group_F,Unknown Date,Armenia,2–1,Republic of Ireland
UEFA_Group_F,9 September 2025(2025-09-09),Hungary,2–3,Portugal
UEFA_Group_F,Unknown Date,Hungary,2–3,Portugal
UEFA_Group_F,11 October 2025(2025-10-11),Hungary,2–0,Armenia
UEFA_Group_F,Unknown Date,Hungary,2–0,Armenia
UEFA_Group_F,11 October 2025(2025-10-11),Portugal,1–0,Republic of Ireland
UEFA_Group_F,Unknown Date,Portugal,1–0,Republic of Ireland
UEFA_Group_F,14 October 2025(2025-10-14),Republic of Ireland,1–0,Armenia
UEFA_Group_F,Unknown Date,Republic of Ireland,1–0,Armenia
UEFA_Group_F,14 October 2025(2025-10-14),Portugal,2–2,Hungary
UEFA_Group_F,Unknown Date,Portugal,2–2,Hungary
UEFA_Group_F,13 November 2025(2025-11-13),Armenia,0–1,Hungary
UEFA_Group_F,Unknown Date,Armenia,0–1,Hungary
UEFA_Group_F,13 November 2025(2025-11-13),Republic of Ireland,2–0,Portugal
UEFA_Group_F,Unknown Date,Republic of Ireland,2–0,Portugal
UEFA_Group_F,16 November 2025(2025-11-16),Hungary,2–3,Republic of Ireland
UEFA_Group_F,Unknown Date,Hungary,2–3,Republic of Ireland
UEFA_Group_F,16 November 2025(2025-11-16),Portugal,9–1,Armenia
UEFA_Group_F,Unknown Date,Portugal,9–1,Armenia
UEFA_Group_G,21 March 2025(2025-03-21),Malta,0–1,Finland
UEFA_Group_G,Unknown Date,Malta,0–1,Finland
UEFA_Group_G,21 March 2025(2025-03-21),Poland,1–0,Lithuania
UEFA_Group_G,Unknown Date,Poland,1–0,Lithuania
UEFA_Group_G,24 March 2025(2025-03-24),Lithuania,2–2,Finland
UEFA_Group_G,Unknown Date,Lithuania,2–2,Finland
UEFA_Group_G,24 March 2025(2025-03-24),Poland,2–0,Malta
UEFA_Group_G,Unknown Date,Poland,2–0,Malta
UEFA_Group_G,7 June 2025(2025-06-07),Malta,0–0,Lithuania
UEFA_Group_G,Unknown Date,Malta,0–0,Lithuania
UEFA_Group_G,7 June 2025(2025-06-07),Finland,0–2,Netherlands
UEFA_Group_G,Unknown Date,Finland,0–2,Netherlands
UEFA_Group_G,10 June 2025(2025-06-10),Finland,2–1,Poland
UEFA_Group_G,Unknown Date,Finland,2–1,Poland
UEFA_Group_G,10 June 2025(2025-06-10),Netherlands,8–0,Malta
UEFA_Group_G,Unknown Date,Netherlands,8–0,Malta
UEFA_Group_G,4 September 2025(2025-09-04),Lithuania,1–1,Malta
UEFA_Group_G,Unknown Date,Lithuania,1–1,Malta
UEFA_Group_G,4 September 2025(2025-09-04),Netherlands,1–1,Poland
UEFA_Group_G,Unknown Date,Netherlands,1–1,Poland
UEFA_Group_G,7 September 2025(2025-09-07),Lithuania,2–3,Netherlands
UEFA_Group_G,Unknown Date,Lithuania,2–3,Netherlands
UEFA_Group_G,7 September 2025(2025-09-07),Poland,3–1,Finland
UEFA_Group_G,Unknown Date,Poland,3–1,Finland
UEFA_Group_G,9 October 2025(2025-10-09),Finland,2–1,Lithuania
UEFA_Group_G,Unknown Date,Finland,2–1,Lithuania
UEFA_Group_G,9 October 2025(2025-10-09),Malta,0–4,Netherlands
UEFA_Group_G,Unknown Date,Malta,0–4,Netherlands
UEFA_Group_G,12 October 2025(2025-10-12),Netherlands,4–0,Finland
UEFA_Group_G,Unknown Date,Netherlands,4–0,Finland
UEFA_Group_G,12 October 2025(2025-10-12),Lithuania,0–2,Poland
UEFA_Group_G,Unknown Date,Lithuania,0–2,Poland
UEFA_Group_G,14 November 2025(2025-11-14),Finland,0–1,Malta
UEFA_Group_G,Unknown Date,Finland,0–1,Malta
UEFA_Group_G,14 November 2025(2025-11-14),Poland,1–1,Netherlands
UEFA_Group_G,Unknown Date,Poland,1–1,Netherlands
UEFA_Group_G,17 November 2025(2025-11-17),Malta,2–3,Poland
UEFA_Group_G,Unknown Date,Malta,2–3,Poland
UEFA_Group_G,17 November 2025(2025-11-17),Netherlands,4–0,Lithuania
UEFA_Group_G,Unknown Date,Netherlands,4–0,Lithuania
UEFA_Group_H,21 March 2025(2025-03-21),Cyprus,2–0,San Marino
UEFA_Group_H,Unknown Date,Cyprus,2–0,San Marino
UEFA_Group_H,21 March 2025(2025-03-21),Romania,0–1,Bosnia and Herzegovina
UEFA_Group_H,Unknown Date,Romania,0–1,Bosnia and Herzegovina
UEFA_Group_H,24 March 2025(2025-03-24),Bosnia and Herzegovina,2–1,Cyprus
UEFA_Group_H,Unknown Date,Bosnia and Herzegovina,2–1,Cyprus
UEFA_Group_H,24 March 2025(2025-03-24),San Marino,1–5,Romania
UEFA_Group_H,Unknown Date,San Marino,1–5,Romania
UEFA_Group_H,7 June 2025(2025-06-07),Bosnia and Herzegovina,1–0,San Marino
UEFA_Group_H,Unknown Date,Bosnia and Herzegovina,1–0,San Marino
UEFA_Group_H,7 June 2025(2025-06-07),Austria,2–1,Romania
UEFA_Group_H,Unknown Date,Austria,2–1,Romania
UEFA_Group_H,10 June 2025(2025-06-10),Romania,2–0,Cyprus
UEFA_Group_H,Unknown Date,Romania,2–0,Cyprus
UEFA_Group_H,10 June 2025(2025-06-10),San Marino,0–4,Austria
UEFA_Group_H,Unknown Date,San Marino,0–4,Austria
UEFA_Group_H,6 September 2025(2025-09-06),Austria,1–0,Cyprus
UEFA_Group_H,Unknown Date,Austria,1–0,Cyprus
UEFA_Group_H,6 September 2025(2025-09-06),San Marino,0–6,Bosnia and Herzegovina
UEFA_Group_H,Unknown Date,San Marino,0–6,Bosnia and Herzegovina
UEFA_Group_H,9 September 2025(2025-09-09),Bosnia and Herzegovina,1–2,Austria
UEFA_Group_H,Unknown Date,Bosnia and Herzegovina,1–2,Austria
UEFA_Group_H,9 September 2025(2025-09-09),Cyprus,2–2,Romania
UEFA_Group_H,Unknown Date,Cyprus,2–2,Romania
UEFA_Group_H,9 October 2025(2025-10-09),Austria,10–0,San Marino
UEFA_Group_H,Unknown Date,Austria,10–0,San Marino
UEFA_Group_H,9 October 2025(2025-10-09),Cyprus,2–2,Bosnia and Herzegovina
UEFA_Group_H,Unknown Date,Cyprus,2–2,Bosnia and Herzegovina
UEFA_Group_H,12 October 2025(2025-10-12),San Marino,0–4,Cyprus
UEFA_Group_H,Unknown Date,San Marino,0–4,Cyprus
UEFA_Group_H,12 October 2025(2025-10-12),Romania,1–0,Austria
UEFA_Group_H,Unknown Date,Romania,1–0,Austria
UEFA_Group_H,15 November 2025(2025-11-15),Cyprus,0–2,Austria
UEFA_Group_H,Unknown Date,Cyprus,0–2,Austria
UEFA_Group_H,15 November 2025(2025-11-15),Bosnia and Herzegovina,3–1,Romania
UEFA_Group_H,Unknown Date,Bosnia and Herzegovina,3–1,Romania
UEFA_Group_H,18 November 2025(2025-11-18),Austria,1–1,Bosnia and Herzegovina
UEFA_Group_H,Unknown Date,Austria,1–1,Bosnia and Herzegovina
UEFA_Group_H,18 November 2025(2025-11-18),Romania,7–1,San Marino
UEFA_Group_H,Unknown Date,Romania,7–1,San Marino
UEFA_Group_I,22 March 2025(2025-03-22),Moldova,0–5,Norway
UEFA_Group_I,Unknown Date,Moldova,0–5,Norway
UEFA_Group_I,22 March 2025(2025-03-22),Israel,2–1,Estonia
UEFA_Group_I,Unknown Date,Israel,2–1,Estonia
UEFA_Group_I,25 March 2025(2025-03-25),Moldova,2–3,Estonia
UEFA_Group_I,Unknown Date,Moldova,2–3,Estonia
UEFA_Group_I,25 March 2025(2025-03-25),Israel,2–4,Norway
UEFA_Group_I,Unknown Date,Israel,2–4,Norway
UEFA_Group_I,6 June 2025(2025-06-06),Estonia,1–3,Israel
UEFA_Group_I,Unknown Date,Estonia,1–3,Israel
UEFA_Group_I,6 June 2025(2025-06-06),Norway,3–0,Italy
UEFA_Group_I,Unknown Date,Norway,3–0,Italy
UEFA_Group_I,9 June 2025(2025-06-09),Estonia,0–1,Norway
UEFA_Group_I,Unknown Date,Estonia,0–1,Norway
UEFA_Group_I,9 June 2025(2025-06-09),Italy,2–0,Moldova
UEFA_Group_I,Unknown Date,Italy,2–0,Moldova
UEFA_Group_I,5 September 2025(2025-09-05),Moldova,0–4,Israel
UEFA_Group_I,Unknown Date,Moldova,0–4,Israel
UEFA_Group_I,5 September 2025(2025-09-05),Italy,5–0,Estonia
UEFA_Group_I,Unknown Date,Italy,5–0,Estonia
UEFA_Group_I,8 September 2025(2025-09-08),Israel,4–5,Italy
UEFA_Group_I,Unknown Date,Israel,4–5,Italy
UEFA_Group_I,9 September 2025(2025-09-09)[note 3],Norway,11–1,Moldova
UEFA_Group_I,Unknown Date,Norway,11–1,Moldova
UEFA_Group_I,11 October 2025(2025-10-11),Norway,5–0,Israel
UEFA_Group_I,Unknown Date,Norway,5–0,Israel
UEFA_Group_I,11 October 2025(2025-10-11),Estonia,1–3,Italy
UEFA_Group_I,Unknown Date,Estonia,1–3,Italy
UEFA_Group_I,14 October 2025(2025-10-14),Estonia,1–1,Moldova
UEFA_Group_I,Unknown Date,Estonia,1–1,Moldova
UEFA_Group_I,14 October 2025(2025-10-14),Italy,3–0,Israel
UEFA_Group_I,Unknown Date,Italy,3–0,Israel
UEFA_Group_I,13 November 2025(2025-11-13),Norway,4–1,Estonia
UEFA_Group_I,Unknown Date,Norway,4–1,Estonia
UEFA_Group_I,13 November 2025(2025-11-13),Moldova,0–2,Italy
UEFA_Group_I,Unknown Date,Moldova,0–2,Italy
UEFA_Group_I,16 November 2025(2025-11-16),Israel,4–1,Moldova
UEFA_Group_I,Unknown Date,Israel,4–1,Moldova
UEFA_Group_I,16 November 2025(2025-11-16),Italy,1–4,Norway
UEFA_Group_I,Unknown Date,Italy,1–4,Norway
UEFA_Group_J,22 March 2025(2025-03-22),Liechtenstein,0–3,North Macedonia
UEFA_Group_J,Unknown Date,Liechtenstein,0–3,North Macedonia
UEFA_Group_J,22 March 2025(2025-03-22),Wales,3–1,Kazakhstan
UEFA_Group_J,Unknown Date,Wales,3–1,Kazakhstan
UEFA_Group_J,25 March 2025(2025-03-25),Liechtenstein,0–2,Kazakhstan
UEFA_Group_J,Unknown Date,Liechtenstein,0–2,Kazakhstan
UEFA_Group_J,25 March 2025(2025-03-25),North Macedonia,1–1,Wales
UEFA_Group_J,Unknown Date,North Macedonia,1–1,Wales
UEFA_Group_J,6 June 2025(2025-06-06),North Macedonia,1–1,Belgium
UEFA_Group_J,Unknown Date,North Macedonia,1–1,Belgium
UEFA_Group_J,6 June 2025(2025-06-06),Wales,3–0,Liechtenstein
UEFA_Group_J,Unknown Date,Wales,3–0,Liechtenstein
UEFA_Group_J,9 June 2025(2025-06-09),Kazakhstan,0–1,North Macedonia
UEFA_Group_J,Unknown Date,Kazakhstan,0–1,North Macedonia
UEFA_Group_J,9 June 2025(2025-06-09),Belgium,4–3,Wales
UEFA_Group_J,Unknown Date,Belgium,4–3,Wales
UEFA_Group_J,4 September 2025(2025-09-04),Kazakhstan,0–1,Wales
UEFA_Group_J,Unknown Date,Kazakhstan,0–1,Wales
UEFA_Group_J,4 September 2025(2025-09-04),Liechtenstein,0–6,Belgium
UEFA_Group_J,Unknown Date,Liechtenstein,0–6,Belgium
UEFA_Group_J,7 September 2025(2025-09-07),North Macedonia,5–0,Liechtenstein
UEFA_Group_J,Unknown Date,North Macedonia,5–0,Liechtenstein
UEFA_Group_J,7 September 2025(2025-09-07),Belgium,6–0,Kazakhstan
UEFA_Group_J,Unknown Date,Belgium,6–0,Kazakhstan
UEFA_Group_J,10 October 2025(2025-10-10),Kazakhstan,4–0,Liechtenstein
UEFA_Group_J,Unknown Date,Kazakhstan,4–0,Liechtenstein
UEFA_Group_J,10 October 2025(2025-10-10),Belgium,0–0,North Macedonia
UEFA_Group_J,Unknown Date,Belgium,0–0,North Macedonia
UEFA_Group_J,13 October 2025(2025-10-13),North Macedonia,1–1,Kazakhstan
UEFA_Group_J,Unknown Date,North Macedonia,1–1,Kazakhstan
UEFA_Group_J,13 October 2025(2025-10-13),Wales,2–4,Belgium
UEFA_Group_J,Unknown Date,Wales,2–4,Belgium
UEFA_Group_J,15 November 2025(2025-11-15),Kazakhstan,1–1,Belgium
UEFA_Group_J,Unknown Date,Kazakhstan,1–1,Belgium
UEFA_Group_J,15 November 2025(2025-11-15),Liechtenstein,0–1,Wales
UEFA_Group_J,Unknown Date,Liechtenstein,0–1,Wales
UEFA_Group_J,18 November 2025(2025-11-18),Belgium,7–0,Liechtenstein
UEFA_Group_J,Unknown Date,Belgium,7–0,Liechtenstein
UEFA_Group_J,18 November 2025(2025-11-18),Wales,7–1,North Macedonia
UEFA_Group_J,Unknown Date,Wales,7–1,North Macedonia
UEFA_Group_K,21 March 2025(2025-03-21),Andorra,0–1,Latvia
UEFA_Group_K,Unknown Date,Andorra,0–1,Latvia
UEFA_Group_K,21 March 2025(2025-03-21),England,2–0,Albania
UEFA_Group_K,Unknown Date,England,2–0,Albania
UEFA_Group_K,24 March 2025(2025-03-24),Albania,3–0,Andorra
UEFA_Group_K,Unknown Date,Albania,3–0,Andorra
UEFA_Group_K,24 March 2025(2025-03-24),England,3–0,Latvia
UEFA_Group_K,Unknown Date,England,3–0,Latvia
UEFA_Group_K,7 June 2025(2025-06-07),Andorra,0–1,England
UEFA_Group_K,Unknown Date,Andorra,0–1,England
UEFA_Group_K,7 June 2025(2025-06-07),Albania,0–0,Serbia
UEFA_Group_K,Unknown Date,Albania,0–0,Serbia
UEFA_Group_K,10 June 2025(2025-06-10),Latvia,1–1,Albania
UEFA_Group_K,Unknown Date,Latvia,1–1,Albania
UEFA_Group_K,10 June 2025(2025-06-10),Serbia,3–0,Andorra
UEFA_Group_K,Unknown Date,Serbia,3–0,Andorra
UEFA_Group_K,6 September 2025(2025-09-06),Latvia,0–1,Serbia
UEFA_Group_K,Unknown Date,Latvia,0–1,Serbia
UEFA_Group_K,6 September 2025(2025-09-06),England,2–0,Andorra
UEFA_Group_K,Unknown Date,England,2–0,Andorra
UEFA_Group_K,9 September 2025(2025-09-09),Albania,1–0,Latvia
UEFA_Group_K,Unknown Date,Albania,1–0,Latvia
UEFA_Group_K,9 September 2025(2025-09-09),Serbia,0–5,England
UEFA_Group_K,Unknown Date,Serbia,0–5,England
UEFA_Group_K,11 October 2025(2025-10-11),Latvia,2–2,Andorra
UEFA_Group_K,Unknown Date,Latvia,2–2,Andorra
UEFA_Group_K,11 October 2025(2025-10-11),Serbia,0–1,Albania
UEFA_Group_K,Unknown Date,Serbia,0–1,Albania
UEFA_Group_K,14 October 2025(2025-10-14),Andorra,1–3,Serbia
UEFA_Group_K,Unknown Date,Andorra,1–3,Serbia
UEFA_Group_K,14 October 2025(2025-10-14),Latvia,0–5,England
UEFA_Group_K,Unknown Date,Latvia,0–5,England
UEFA_Group_K,13 November 2025(2025-11-13),Andorra,0–1,Albania
UEFA_Group_K,Unknown Date,Andorra,0–1,Albania
UEFA_Group_K,13 November 2025(2025-11-13),England,2–0,Serbia
UEFA_Group_K,Unknown Date,England,2–0,Serbia
UEFA_Group_K,16 November 2025(2025-11-16),Albania,0–2,England
UEFA_Group_K,Unknown Date,Albania,0–2,England
UEFA_Group_K,16 November 2025(2025-11-16),Serbia,2–1,Latvia
UEFA_Group_K,Unknown Date,Serbia,2–1,Latvia
UEFA_Group_L,22 March 2025(2025-03-22),Montenegro,3–1,Gibraltar
UEFA_Group_L,Unknown Date,Montenegro,3–1,Gibraltar
UEFA_Group_L,22 March 2025(2025-03-22),Czech Republic,2–1,Faroe Islands
UEFA_Group_L,Unknown Date,Czech Republic,2–1,Faroe Islands
UEFA_Group_L,25 March 2025(2025-03-25),Gibraltar,0–4,Czech Republic
UEFA_Group_L,Unknown Date,Gibraltar,0–4,Czech Republic
UEFA_Group_L,25 March 2025(2025-03-25),Montenegro,1–0,Faroe Islands
UEFA_Group_L,Unknown Date,Montenegro,1–0,Faroe Islands
UEFA_Group_L,6 June 2025(2025-06-06),Czech Republic,2–0,Montenegro
UEFA_Group_L,Unknown Date,Czech Republic,2–0,Montenegro
UEFA_Group_L,6 June 2025(2025-06-06),Gibraltar,0–7,Croatia
UEFA_Group_L,Unknown Date,Gibraltar,0–7,Croatia
UEFA_Group_L,9 June 2025(2025-06-09),Faroe Islands,2–1,Gibraltar
UEFA_Group_L,Unknown Date,Faroe Islands,2–1,Gibraltar
UEFA_Group_L,9 June 2025(2025-06-09),Croatia,5–1,Czech Republic
UEFA_Group_L,Unknown Date,Croatia,5–1,Czech Republic
UEFA_Group_L,5 September 2025(2025-09-05),Faroe Islands,0–1,Croatia
UEFA_Group_L,Unknown Date,Faroe Islands,0–1,Croatia
UEFA_Group_L,5 September 2025(2025-09-05),Montenegro,0–2,Czech Republic
UEFA_Group_L,Unknown Date,Montenegro,0–2,Czech Republic
UEFA_Group_L,8 September 2025(2025-09-08),Gibraltar,0–1,Faroe Islands
UEFA_Group_L,Unknown Date,Gibraltar,0–1,Faroe Islands
UEFA_Group_L,8 September 2025(2025-09-08),Croatia,4–0,Montenegro
UEFA_Group_L,Unknown Date,Croatia,4–0,Montenegro
UEFA_Group_L,9 October 2025(2025-10-09),Czech Republic,0–0,Croatia
UEFA_Group_L,Unknown Date,Czech Republic,0–0,Croatia
UEFA_Group_L,9 October 2025(2025-10-09),Faroe Islands,4–0,Montenegro
UEFA_Group_L,Unknown Date,Faroe Islands,4–0,Montenegro
UEFA_Group_L,12 October 2025(2025-10-12),Faroe Islands,2–1,Czech Republic
UEFA_Group_L,Unknown Date,Faroe Islands,2–1,Czech Republic
UEFA_Group_L,12 October 2025(2025-10-12),Croatia,3–0,Gibraltar
UEFA_Group_L,Unknown Date,Croatia,3–0,Gibraltar
UEFA_Group_L,14 November 2025(2025-11-14),Gibraltar,1–2,Montenegro
UEFA_Group_L,Unknown Date,Gibraltar,1–2,Montenegro
UEFA_Group_L,14 November 2025(2025-11-14),Croatia,3–1,Faroe Islands
UEFA_Group_L,Unknown Date,Croatia,3–1,Faroe Islands
UEFA_Group_L,17 November 2025(2025-11-17),Czech Republic,6–0,Gibraltar
UEFA_Group_L,Unknown Date,Czech Republic,6–0,Gibraltar
UEFA_Group_L,17 November 2025(2025-11-17),Montenegro,2–3,Croatia
UEFA_Group_L,Unknown Date,Montenegro,2–3,Croatia
CAF_Group_A,15 November 2023(2023-11-15),Ethiopia,0–0,Sierra Leone
CAF_Group_A,Unknown Date,Ethiopia,0–0,Sierra Leone
CAF_Group_A,16 November 2023(2023-11-16),Egypt,6–0,Djibouti
CAF_Group_A,Unknown Date,Egypt,6–0,Djibouti
CAF_Group_A,17 November 2023(2023-11-17),Burkina Faso,1–1,Guinea-Bissau
CAF_Group_A,Unknown Date,Burkina Faso,1–1,Guinea-Bissau
CAF_Group_A,19 November 2023(2023-11-19),Sierra Leone,0–2,Egypt
CAF_Group_A,Unknown Date,Sierra Leone,0–2,Egypt
CAF_Group_A,20 November 2023(2023-11-20),Djibouti,0–1,Guinea-Bissau
CAF_Group_A,Unknown Date,Djibouti,0–1,Guinea-Bissau
CAF_Group_A,21 November 2023(2023-11-21),Ethiopia,0–3,Burkina Faso
CAF_Group_A,Unknown Date,Ethiopia,0–3,Burkina Faso
CAF_Group_A,5 June 2024(2024-06-05),Sierra Leone,2–1,Djibouti
CAF_Group_A,Unknown Date,Sierra Leone,2–1,Djibouti
CAF_Group_A,6 June 2024(2024-06-06),Egypt,2–1,Burkina Faso
CAF_Group_A,Unknown Date,Egypt,2–1,Burkina Faso
CAF_Group_A,6 June 2024(2024-06-06),Guinea-Bissau,0–0,Ethiopia
CAF_Group_A,Unknown Date,Guinea-Bissau,0–0,Ethiopia
CAF_Group_A,9 June 2024(2024-06-09),Djibouti,1–1,Ethiopia
CAF_Group_A,Unknown Date,Djibouti,1–1,Ethiopia
CAF_Group_A,10 June 2024(2024-06-10),Guinea-Bissau,1–1,Egypt
CAF_Group_A,Unknown Date,Guinea-Bissau,1–1,Egypt
CAF_Group_A,10 June 2024(2024-06-10),Burkina Faso,2–2,Sierra Leone
CAF_Group_A,Unknown Date,Burkina Faso,2–2,Sierra Leone
CAF_Group_A,20 March 2025(2025-03-20),Sierra Leone,3–1,Guinea-Bissau
CAF_Group_A,Unknown Date,Sierra Leone,3–1,Guinea-Bissau
CAF_Group_A,21 March 2025(2025-03-21),Burkina Faso,4–1,Djibouti
CAF_Group_A,Unknown Date,Burkina Faso,4–1,Djibouti
CAF_Group_A,21 March 2025(2025-03-21),Ethiopia,0–2,Egypt
CAF_Group_A,Unknown Date,Ethiopia,0–2,Egypt
CAF_Group_A,24 March 2025(2025-03-24),Guinea-Bissau,1–2,Burkina Faso
CAF_Group_A,Unknown Date,Guinea-Bissau,1–2,Burkina Faso
CAF_Group_A,24 March 2025(2025-03-24),Ethiopia,6–1,Djibouti
CAF_Group_A,Unknown Date,Ethiopia,6–1,Djibouti
CAF_Group_A,25 March 2025(2025-03-25),Egypt,1–0,Sierra Leone
CAF_Group_A,Unknown Date,Egypt,1–0,Sierra Leone
CAF_Group_A,4 September 2025(2025-09-04),Guinea-Bissau,1–1,Sierra Leone
CAF_Group_A,Unknown Date,Guinea-Bissau,1–1,Sierra Leone
CAF_Group_A,5 September 2025(2025-09-05),Djibouti,0–6,Burkina Faso
CAF_Group_A,Unknown Date,Djibouti,0–6,Burkina Faso
CAF_Group_A,5 September 2025(2025-09-05),Egypt,2–0,Ethiopia
CAF_Group_A,Unknown Date,Egypt,2–0,Ethiopia
CAF_Group_A,8 September 2025(2025-09-08),Guinea-Bissau,2–0,Djibouti
CAF_Group_A,Unknown Date,Guinea-Bissau,2–0,Djibouti
CAF_Group_A,9 September 2025(2025-09-09),Sierra Leone,2–0,Ethiopia
CAF_Group_A,Unknown Date,Sierra Leone,2–0,Ethiopia
CAF_Group_A,9 September 2025(2025-09-09),Burkina Faso,0–0,Egypt
CAF_Group_A,Unknown Date,Burkina Faso,0–0,Egypt
CAF_Group_A,8 October 2025(2025-10-08),Ethiopia,1–0,Guinea-Bissau
CAF_Group_A,Unknown Date,Ethiopia,1–0,Guinea-Bissau
CAF_Group_A,8 October 2025(2025-10-08),Djibouti,0–3,Egypt
CAF_Group_A,Unknown Date,Djibouti,0–3,Egypt
CAF_Group_A,8 October 2025(2025-10-08),Sierra Leone,0–1,Burkina Faso
CAF_Group_A,Unknown Date,Sierra Leone,0–1,Burkina Faso
CAF_Group_A,12 October 2025(2025-10-12),Burkina Faso,3–1,Ethiopia
CAF_Group_A,Unknown Date,Burkina Faso,3–1,Ethiopia
CAF_Group_A,12 October 2025(2025-10-12),Djibouti,1–2,Sierra Leone
CAF_Group_A,Unknown Date,Djibouti,1–2,Sierra Leone
CAF_Group_A,12 October 2025(2025-10-12),Egypt,1–0,Guinea-Bissau
CAF_Group_A,Unknown Date,Egypt,1–0,Guinea-Bissau
CAF_Group_B,15 November 2023(2023-11-15),DR Congo,2–0,Mauritania
CAF_Group_B,Unknown Date,DR Congo,2–0,Mauritania
CAF_Group_B,16 November 2023(2023-11-16),Sudan,1–1,Togo
CAF_Group_B,Unknown Date,Sudan,1–1,Togo
CAF_Group_B,18 November 2023(2023-11-18),Senegal,4–0,South Sudan
CAF_Group_B,Unknown Date,Senegal,4–0,South Sudan
CAF_Group_B,19 November 2023(2023-11-19),Sudan,1–0,DR Congo
CAF_Group_B,Unknown Date,Sudan,1–0,DR Congo
CAF_Group_B,21 November 2023(2023-11-21),South Sudan,0–0,Mauritania
CAF_Group_B,Unknown Date,South Sudan,0–0,Mauritania
CAF_Group_B,21 November 2023(2023-11-21),Togo,0–0,Senegal
CAF_Group_B,Unknown Date,Togo,0–0,Senegal
CAF_Group_B,5 June 2024(2024-06-05),Togo,1–1,South Sudan
CAF_Group_B,Unknown Date,Togo,1–1,South Sudan
CAF_Group_B,6 June 2024(2024-06-06),Mauritania,0–2,Sudan
CAF_Group_B,Unknown Date,Mauritania,0–2,Sudan
CAF_Group_B,6 June 2024(2024-06-06),Senegal,1–1,DR Congo
CAF_Group_B,Unknown Date,Senegal,1–1,DR Congo
CAF_Group_B,9 June 2024(2024-06-09),DR Congo,1–0,Togo
CAF_Group_B,Unknown Date,DR Congo,1–0,Togo
CAF_Group_B,9 June 2024(2024-06-09),Mauritania,0–1,Senegal
CAF_Group_B,Unknown Date,Mauritania,0–1,Senegal
CAF_Group_B,11 June 2024(2024-06-11),South Sudan,0–3,Sudan
CAF_Group_B,Unknown Date,South Sudan,0–3,Sudan
CAF_Group_B,21 March 2025(2025-03-21),DR Congo,1–0,South Sudan
CAF_Group_B,Unknown Date,DR Congo,1–0,South Sudan
CAF_Group_B,22 March 2025(2025-03-22),Togo,2–2,Mauritania
CAF_Group_B,Unknown Date,Togo,2–2,Mauritania
CAF_Group_B,22 March 2025(2025-03-22),Sudan,0–0,Senegal
CAF_Group_B,Unknown Date,Sudan,0–0,Senegal
CAF_Group_B,25 March 2025(2025-03-25),Sudan,1–1,South Sudan
CAF_Group_B,Unknown Date,Sudan,1–1,South Sudan
CAF_Group_B,25 March 2025(2025-03-25),Senegal,2–0,Togo
CAF_Group_B,Unknown Date,Senegal,2–0,Togo
CAF_Group_B,25 March 2025(2025-03-25),Mauritania,0–2,DR Congo
CAF_Group_B,Unknown Date,Mauritania,0–2,DR Congo
CAF_Group_B,5 September 2025(2025-09-05),South Sudan,1–4,DR Congo
CAF_Group_B,Unknown Date,South Sudan,1–4,DR Congo
CAF_Group_B,5 September 2025(2025-09-05),Mauritania,2–0,Togo
CAF_Group_B,Unknown Date,Mauritania,2–0,Togo
CAF_Group_B,5 September 2025(2025-09-05),Senegal,2–0,Sudan
CAF_Group_B,Unknown Date,Senegal,2–0,Sudan
CAF_Group_B,9 September 2025(2025-09-09),DR Congo,2–3,Senegal
CAF_Group_B,Unknown Date,DR Congo,2–3,Senegal
CAF_Group_B,9 September 2025(2025-09-09),Togo,1–0,Sudan
CAF_Group_B,Unknown Date,Togo,1–0,Sudan
CAF_Group_B,9 September 2025(2025-09-09),Mauritania,0–0,South Sudan
CAF_Group_B,Unknown Date,Mauritania,0–0,South Sudan
CAF_Group_B,10 October 2025(2025-10-10),South Sudan,0–5,Senegal
CAF_Group_B,Unknown Date,South Sudan,0–5,Senegal
CAF_Group_B,10 October 2025(2025-10-10),Togo,0–1,DR Congo
CAF_Group_B,Unknown Date,Togo,0–1,DR Congo
CAF_Group_B,10 October 2025(2025-10-10),Sudan,0–0,Mauritania
CAF_Group_B,Unknown Date,Sudan,0–0,Mauritania
CAF_Group_B,13 October 2025(2025-10-13),South Sudan,0–0,Togo
CAF_Group_B,Unknown Date,South Sudan,0–0,Togo
CAF_Group_B,14 October 2025(2025-10-14),DR Congo,1–0,Sudan
CAF_Group_B,Unknown Date,DR Congo,1–0,Sudan
CAF_Group_B,14 October 2025(2025-10-14),Senegal,4–0,Mauritania
CAF_Group_B,Unknown Date,Senegal,4–0,Mauritania
CAF_Group_C,15 November 2023(2023-11-15),Rwanda,0–0,Zimbabwe
CAF_Group_C,Unknown Date,Rwanda,0–0,Zimbabwe
CAF_Group_C,16 November 2023(2023-11-16),Nigeria,1–1,Lesotho
CAF_Group_C,Unknown Date,Nigeria,1–1,Lesotho
CAF_Group_C,18 November 2023(2023-11-18),South Africa,2–1,Benin
CAF_Group_C,Unknown Date,South Africa,2–1,Benin
CAF_Group_C,19 November 2023(2023-11-19),Zimbabwe,1–1,Nigeria
CAF_Group_C,Unknown Date,Zimbabwe,1–1,Nigeria
CAF_Group_C,21 November 2023(2023-11-21),Lesotho,0–0,Benin
CAF_Group_C,Unknown Date,Lesotho,0–0,Benin
CAF_Group_C,21 November 2023(2023-11-21),Rwanda,2–0,South Africa
CAF_Group_C,Unknown Date,Rwanda,2–0,South Africa
CAF_Group_C,6 June 2024(2024-06-06),Benin,1–0,Rwanda
CAF_Group_C,Unknown Date,Benin,1–0,Rwanda
CAF_Group_C,7 June 2024(2024-06-07),Zimbabwe,0–2,Lesotho
CAF_Group_C,Unknown Date,Zimbabwe,0–2,Lesotho
CAF_Group_C,7 June 2024(2024-06-07),Nigeria,1–1,South Africa
CAF_Group_C,Unknown Date,Nigeria,1–1,South Africa
CAF_Group_C,10 June 2024(2024-06-10),Benin,2–1,Nigeria
CAF_Group_C,Unknown Date,Benin,2–1,Nigeria
CAF_Group_C,11 June 2024(2024-06-11),South Africa,3–1,Zimbabwe
CAF_Group_C,Unknown Date,South Africa,3–1,Zimbabwe
CAF_Group_C,11 June 2024(2024-06-11),Lesotho,0–1,Rwanda
CAF_Group_C,Unknown Date,Lesotho,0–1,Rwanda
CAF_Group_C,20 March 2025(2025-03-20),Zimbabwe,2–2,Benin
CAF_Group_C,Unknown Date,Zimbabwe,2–2,Benin
CAF_Group_C,21 March 2025(2025-03-21),South Africa,0–3Awarded[a],Lesotho
CAF_Group_C,Unknown Date,South Africa,0–3Awarded[a],Lesotho
CAF_Group_C,21 March 2025(2025-03-21),Rwanda,0–2,Nigeria
CAF_Group_C,Unknown Date,Rwanda,0–2,Nigeria
CAF_Group_C,25 March 2025(2025-03-25),Benin,0–2,South Africa
CAF_Group_C,Unknown Date,Benin,0–2,South Africa
CAF_Group_C,25 March 2025(2025-03-25),Nigeria,1–1,Zimbabwe
CAF_Group_C,Unknown Date,Nigeria,1–1,Zimbabwe
CAF_Group_C,25 March 2025(2025-03-25),Rwanda,1–1,Lesotho
CAF_Group_C,Unknown Date,Rwanda,1–1,Lesotho
CAF_Group_C,5 September 2025(2025-09-05),Benin,1–0,Zimbabwe
CAF_Group_C,Unknown Date,Benin,1–0,Zimbabwe
CAF_Group_C,5 September 2025(2025-09-05),Lesotho,0–3,South Africa
CAF_Group_C,Unknown Date,Lesotho,0–3,South Africa
CAF_Group_C,6 September 2025(2025-09-06),Nigeria,1–0,Rwanda
CAF_Group_C,Unknown Date,Nigeria,1–0,Rwanda
CAF_Group_C,9 September 2025(2025-09-09),Zimbabwe,0–1,Rwanda
CAF_Group_C,Unknown Date,Zimbabwe,0–1,Rwanda
CAF_Group_C,9 September 2025(2025-09-09),South Africa,1–1,Nigeria
CAF_Group_C,Unknown Date,South Africa,1–1,Nigeria
CAF_Group_C,9 September 2025(2025-09-09),Benin,4–0,Lesotho
CAF_Group_C,Unknown Date,Benin,4–0,Lesotho
CAF_Group_C,10 October 2025(2025-10-10),Rwanda,0–1,Benin
CAF_Group_C,Unknown Date,Rwanda,0–1,Benin
CAF_Group_C,10 October 2025(2025-10-10),Lesotho,1–2,Nigeria
CAF_Group_C,Unknown Date,Lesotho,1–2,Nigeria
CAF_Group_C,10 October 2025(2025-10-10),Zimbabwe,0–0,South Africa
CAF_Group_C,Unknown Date,Zimbabwe,0–0,South Africa
CAF_Group_C,13 October 2025(2025-10-13),Lesotho,1–0,Zimbabwe
CAF_Group_C,Unknown Date,Lesotho,1–0,Zimbabwe
CAF_Group_C,14 October 2025(2025-10-14),South Africa,3–0,Rwanda
CAF_Group_C,Unknown Date,South Africa,3–0,Rwanda
CAF_Group_C,14 October 2025(2025-10-14),Nigeria,4–0,Benin
CAF_Group_C,Unknown Date,Nigeria,4–0,Benin
CAF_Group_D,16 November 2023(2023-11-16),Cape Verde,0–0,Angola
CAF_Group_D,Unknown Date,Cape Verde,0–0,Angola
CAF_Group_D,17 November 2023(2023-11-17),Eswatini,0–1,Libya
CAF_Group_D,Unknown Date,Eswatini,0–1,Libya
CAF_Group_D,17 November 2023(2023-11-17),Cameroon,3–0,Mauritius
CAF_Group_D,Unknown Date,Cameroon,3–0,Mauritius
CAF_Group_D,21 November 2023(2023-11-21),Eswatini,0–2,Cape Verde
CAF_Group_D,Unknown Date,Eswatini,0–2,Cape Verde
CAF_Group_D,21 November 2023(2023-11-21),Libya,1–1,Cameroon
CAF_Group_D,Unknown Date,Libya,1–1,Cameroon
CAF_Group_D,21 November 2023(2023-11-21),Mauritius,0–0,Angola
CAF_Group_D,Unknown Date,Mauritius,0–0,Angola
CAF_Group_D,6 June 2024(2024-06-06),Libya,2–1,Mauritius
CAF_Group_D,Unknown Date,Libya,2–1,Mauritius
CAF_Group_D,7 June 2024(2024-06-07),Angola,1–0,Eswatini
CAF_Group_D,Unknown Date,Angola,1–0,Eswatini
CAF_Group_D,8 June 2024(2024-06-08),Cameroon,4–1,Cape Verde
CAF_Group_D,Unknown Date,Cameroon,4–1,Cape Verde
CAF_Group_D,11 June 2024(2024-06-11),Mauritius,2–1,Eswatini
CAF_Group_D,Unknown Date,Mauritius,2–1,Eswatini
CAF_Group_D,11 June 2024(2024-06-11),Cape Verde,1–0,Libya
CAF_Group_D,Unknown Date,Cape Verde,1–0,Libya
CAF_Group_D,11 June 2024(2024-06-11),Angola,1–1,Cameroon
CAF_Group_D,Unknown Date,Angola,1–1,Cameroon
CAF_Group_D,19 March 2025(2025-03-19),Eswatini,0–0,Cameroon
CAF_Group_D,Unknown Date,Eswatini,0–0,Cameroon
CAF_Group_D,20 March 2025(2025-03-20),Cape Verde,1–0,Mauritius
CAF_Group_D,Unknown Date,Cape Verde,1–0,Mauritius
CAF_Group_D,20 March 2025(2025-03-20),Libya,1–1,Angola
CAF_Group_D,Unknown Date,Libya,1–1,Angola
CAF_Group_D,23 March 2025(2025-03-23),Eswatini,3–3,Mauritius
CAF_Group_D,Unknown Date,Eswatini,3–3,Mauritius
CAF_Group_D,25 March 2025(2025-03-25),Angola,1–2,Cape Verde
CAF_Group_D,Unknown Date,Angola,1–2,Cape Verde
CAF_Group_D,25 March 2025(2025-03-25),Cameroon,3–1,Libya
CAF_Group_D,Unknown Date,Cameroon,3–1,Libya
CAF_Group_D,4 September 2025(2025-09-04),Angola,0–1,Libya
CAF_Group_D,Unknown Date,Angola,0–1,Libya
CAF_Group_D,4 September 2025(2025-09-04),Mauritius,0–2,Cape Verde
CAF_Group_D,Unknown Date,Mauritius,0–2,Cape Verde
CAF_Group_D,4 September 2025(2025-09-04),Cameroon,3–0,Eswatini
CAF_Group_D,Unknown Date,Cameroon,3–0,Eswatini
CAF_Group_D,8 September 2025(2025-09-08),Libya,2–0,Eswatini
CAF_Group_D,Unknown Date,Libya,2–0,Eswatini
CAF_Group_D,9 September 2025(2025-09-09),Cape Verde,1–0,Cameroon
CAF_Group_D,Unknown Date,Cape Verde,1–0,Cameroon
CAF_Group_D,9 September 2025(2025-09-09),Angola,3–1,Mauritius
CAF_Group_D,Unknown Date,Angola,3–1,Mauritius
CAF_Group_D,8 October 2025(2025-10-08),Mauritius,0–2,Cameroon
CAF_Group_D,Unknown Date,Mauritius,0–2,Cameroon
CAF_Group_D,8 October 2025(2025-10-08),Libya,3–3,Cape Verde
CAF_Group_D,Unknown Date,Libya,3–3,Cape Verde
CAF_Group_D,8 October 2025(2025-10-08),Eswatini,2–2,Angola
CAF_Group_D,Unknown Date,Eswatini,2–2,Angola
CAF_Group_D,13 October 2025(2025-10-13),Cape Verde,3–0,Eswatini
CAF_Group_D,Unknown Date,Cape Verde,3–0,Eswatini
CAF_Group_D,13 October 2025(2025-10-13),Mauritius,0–0,Libya
CAF_Group_D,Unknown Date,Mauritius,0–0,Libya
CAF_Group_D,13 October 2025(2025-10-13),Cameroon,0–0,Angola
CAF_Group_D,Unknown Date,Cameroon,0–0,Angola
CAF_Group_E,16 November 2023(2023-11-16),Morocco,Cancelled,Eritrea
CAF_Group_E,Unknown Date,Morocco,Cancelled,Eritrea
CAF_Group_E,17 November 2023(2023-11-17),Zambia,4–2,Congo
CAF_Group_E,Unknown Date,Zambia,4–2,Congo
CAF_Group_E,18 November 2023(2023-11-18),Niger,0–1,Tanzania
CAF_Group_E,Unknown Date,Niger,0–1,Tanzania
CAF_Group_E,20 November 2023(2023-11-20),Eritrea,Cancelled,Congo
CAF_Group_E,Unknown Date,Eritrea,Cancelled,Congo
CAF_Group_E,21 November 2023(2023-11-21),Niger,2–1,Zambia
CAF_Group_E,Unknown Date,Niger,2–1,Zambia
CAF_Group_E,21 November 2023(2023-11-21),Tanzania,0–2,Morocco
CAF_Group_E,Unknown Date,Tanzania,0–2,Morocco
CAF_Group_E,June 2024(2024-06),Tanzania,Cancelled,Eritrea
CAF_Group_E,Unknown Date,Tanzania,Cancelled,Eritrea
CAF_Group_E,6 June 2024(2024-06-06),Congo,0–3Awarded[a],Niger
CAF_Group_E,Unknown Date,Congo,0–3Awarded[a],Niger
CAF_Group_E,7 June 2024(2024-06-07),Morocco,2–1,Zambia
CAF_Group_E,Unknown Date,Morocco,2–1,Zambia
CAF_Group_E,June 2024(2024-06),Eritrea,Cancelled,Niger
CAF_Group_E,Unknown Date,Eritrea,Cancelled,Niger
CAF_Group_E,11 June 2024(2024-06-11),Zambia,0–1,Tanzania
CAF_Group_E,Unknown Date,Zambia,0–1,Tanzania
CAF_Group_E,11 June 2024(2024-06-11),Congo,0–6,Morocco
CAF_Group_E,Unknown Date,Congo,0–6,Morocco
CAF_Group_E,March 2025(2025-03),Zambia,Cancelled,Eritrea
CAF_Group_E,Unknown Date,Zambia,Cancelled,Eritrea
CAF_Group_E,March 2025(2025-03),Tanzania,3–0Awarded[b],Congo
CAF_Group_E,Unknown Date,Tanzania,3–0Awarded[b],Congo
CAF_Group_E,21 March 2025(2025-03-21),Niger,1–2,Morocco
CAF_Group_E,Unknown Date,Niger,1–2,Morocco
CAF_Group_E,March 2025(2025-03),Niger,Cancelled,Eritrea
CAF_Group_E,Unknown Date,Niger,Cancelled,Eritrea
CAF_Group_E,March 2025(2025-03),Congo,0–3Awarded[b],Zambia
CAF_Group_E,Unknown Date,Congo,0–3Awarded[b],Zambia
CAF_Group_E,25 March 2025(2025-03-25),Morocco,2–0,Tanzania
CAF_Group_E,Unknown Date,Morocco,2–0,Tanzania
CAF_Group_E,September 2025(2025-09),Eritrea,Cancelled,Zambia
CAF_Group_E,Unknown Date,Eritrea,Cancelled,Zambia
CAF_Group_E,5 September 2025(2025-09-05),Congo,1–1,Tanzania
CAF_Group_E,Unknown Date,Congo,1–1,Tanzania
CAF_Group_E,5 September 2025(2025-09-05),Morocco,5–0,Niger
CAF_Group_E,Unknown Date,Morocco,5–0,Niger
CAF_Group_E,September 2025(2025-09),Congo,Cancelled,Eritrea
CAF_Group_E,Unknown Date,Congo,Cancelled,Eritrea
CAF_Group_E,8 September 2025(2025-09-08),Zambia,0–2,Morocco
CAF_Group_E,Unknown Date,Zambia,0–2,Morocco
CAF_Group_E,9 September 2025(2025-09-09),Tanzania,0–1,Niger
CAF_Group_E,Unknown Date,Tanzania,0–1,Niger
CAF_Group_E,October 2025(2025-10),Eritrea,Cancelled,Morocco
CAF_Group_E,Unknown Date,Eritrea,Cancelled,Morocco
CAF_Group_E,8 October 2025(2025-10-08),Niger,3–1,Congo
CAF_Group_E,Unknown Date,Niger,3–1,Congo
CAF_Group_E,8 October 2025(2025-10-08),Tanzania,0–1,Zambia
CAF_Group_E,Unknown Date,Tanzania,0–1,Zambia
CAF_Group_E,October 2025(2025-10),Eritrea,Cancelled,Tanzania
CAF_Group_E,Unknown Date,Eritrea,Cancelled,Tanzania
CAF_Group_E,12 October 2025(2025-10-12),Zambia,0–1,Niger
CAF_Group_E,Unknown Date,Zambia,0–1,Niger
CAF_Group_E,14 October 2025(2025-10-14),Morocco,1–0,Congo
CAF_Group_E,Unknown Date,Morocco,1–0,Congo
CAF_Group_F,16 November 2023(2023-11-16),Burundi,3–2,Gambia
CAF_Group_F,Unknown Date,Burundi,3–2,Gambia
CAF_Group_F,16 November 2023(2023-11-16),Gabon,2–1,Kenya
CAF_Group_F,Unknown Date,Gabon,2–1,Kenya
CAF_Group_F,17 November 2023(2023-11-17),Ivory Coast,9–0,Seychelles
CAF_Group_F,Unknown Date,Ivory Coast,9–0,Seychelles
CAF_Group_F,19 November 2023(2023-11-19),Burundi,1–2,Gabon
CAF_Group_F,Unknown Date,Burundi,1–2,Gabon
CAF_Group_F,20 November 2023(2023-11-20),Gambia,0–2,Ivory Coast
CAF_Group_F,Unknown Date,Gambia,0–2,Ivory Coast
CAF_Group_F,20 November 2023(2023-11-20),Seychelles,0–5,Kenya
CAF_Group_F,Unknown Date,Seychelles,0–5,Kenya
CAF_Group_F,7 June 2024(2024-06-07),Kenya,1–1,Burundi
CAF_Group_F,Unknown Date,Kenya,1–1,Burundi
CAF_Group_F,7 June 2024(2024-06-07),Ivory Coast,1–0,Gabon
CAF_Group_F,Unknown Date,Ivory Coast,1–0,Gabon
CAF_Group_F,8 June 2024(2024-06-08),Gambia,5–1,Seychelles
CAF_Group_F,Unknown Date,Gambia,5–1,Seychelles
CAF_Group_F,11 June 2024(2024-06-11),Gabon,3–2,Gambia
CAF_Group_F,Unknown Date,Gabon,3–2,Gambia
CAF_Group_F,11 June 2024(2024-06-11),Kenya,0–0,Ivory Coast
CAF_Group_F,Unknown Date,Kenya,0–0,Ivory Coast
CAF_Group_F,11 June 2024(2024-06-11),Seychelles,1–3,Burundi
CAF_Group_F,Unknown Date,Seychelles,1–3,Burundi
CAF_Group_F,20 March 2025(2025-03-20),Gabon,3–0,Seychelles
CAF_Group_F,Unknown Date,Gabon,3–0,Seychelles
CAF_Group_F,20 March 2025(2025-03-20),Gambia,3–3,Kenya
CAF_Group_F,Unknown Date,Gambia,3–3,Kenya
CAF_Group_F,21 March 2025(2025-03-21),Burundi,0–1,Ivory Coast
CAF_Group_F,Unknown Date,Burundi,0–1,Ivory Coast
CAF_Group_F,23 March 2025(2025-03-23),Kenya,1–2,Gabon
CAF_Group_F,Unknown Date,Kenya,1–2,Gabon
CAF_Group_F,24 March 2025(2025-03-24),Ivory Coast,1–0,Gambia
CAF_Group_F,Unknown Date,Ivory Coast,1–0,Gambia
CAF_Group_F,25 March 2025(2025-03-25),Burundi,5–0,Seychelles
CAF_Group_F,Unknown Date,Burundi,5–0,Seychelles
CAF_Group_F,3 September 2025(2025-09-03),Seychelles,0–4,Gabon
CAF_Group_F,Unknown Date,Seychelles,0–4,Gabon
CAF_Group_F,5 September 2025(2025-09-05),Kenya,1–3,Gambia
CAF_Group_F,Unknown Date,Kenya,1–3,Gambia
CAF_Group_F,5 September 2025(2025-09-05),Ivory Coast,1–0,Burundi
CAF_Group_F,Unknown Date,Ivory Coast,1–0,Burundi
CAF_Group_F,9 September 2025(2025-09-09),Kenya,5–0,Seychelles
CAF_Group_F,Unknown Date,Kenya,5–0,Seychelles
CAF_Group_F,9 September 2025(2025-09-09),Gabon,0–0,Ivory Coast
CAF_Group_F,Unknown Date,Gabon,0–0,Ivory Coast
CAF_Group_F,9 September 2025(2025-09-09),Gambia,2–0,Burundi
CAF_Group_F,Unknown Date,Gambia,2–0,Burundi
CAF_Group_F,9 October 2025(2025-10-09),Burundi,0–1,Kenya
CAF_Group_F,Unknown Date,Burundi,0–1,Kenya
CAF_Group_F,10 October 2025(2025-10-10),Seychelles,0–7,Ivory Coast
CAF_Group_F,Unknown Date,Seychelles,0–7,Ivory Coast
CAF_Group_F,10 October 2025(2025-10-10),Gambia,3–4,Gabon
CAF_Group_F,Unknown Date,Gambia,3–4,Gabon
CAF_Group_F,14 October 2025(2025-10-14),Seychelles,0–7,Gambia
CAF_Group_F,Unknown Date,Seychelles,0–7,Gambia
CAF_Group_F,14 October 2025(2025-10-14),Gabon,2–0,Burundi
CAF_Group_F,Unknown Date,Gabon,2–0,Burundi
CAF_Group_F,14 October 2025(2025-10-14),Ivory Coast,3–0,Kenya
CAF_Group_F,Unknown Date,Ivory Coast,3–0,Kenya
CAF_Group_G,16 November 2023(2023-11-16),Botswana,2–3,Mozambique
CAF_Group_G,Unknown Date,Botswana,2–3,Mozambique
CAF_Group_G,16 November 2023(2023-11-16),Algeria,3–1,Somalia
CAF_Group_G,Unknown Date,Algeria,3–1,Somalia
CAF_Group_G,17 November 2023(2023-11-17),Guinea,2–1,Uganda
CAF_Group_G,Unknown Date,Guinea,2–1,Uganda
CAF_Group_G,19 November 2023(2023-11-19),Mozambique,0–2,Algeria
CAF_Group_G,Unknown Date,Mozambique,0–2,Algeria
CAF_Group_G,21 November 2023(2023-11-21),Botswana,1–0,Guinea
CAF_Group_G,Unknown Date,Botswana,1–0,Guinea
CAF_Group_G,21 November 2023(2023-11-21),Somalia,0–1,Uganda
CAF_Group_G,Unknown Date,Somalia,0–1,Uganda
CAF_Group_G,6 June 2024(2024-06-06),Algeria,1–2,Guinea
CAF_Group_G,Unknown Date,Algeria,1–2,Guinea
CAF_Group_G,7 June 2024(2024-06-07),Mozambique,2–1,Somalia
CAF_Group_G,Unknown Date,Mozambique,2–1,Somalia
CAF_Group_G,7 June 2024(2024-06-07),Uganda,1–0,Botswana
CAF_Group_G,Unknown Date,Uganda,1–0,Botswana
CAF_Group_G,10 June 2024(2024-06-10),Guinea,0–1,Mozambique
CAF_Group_G,Unknown Date,Guinea,0–1,Mozambique
CAF_Group_G,10 June 2024(2024-06-10),Uganda,1–2,Algeria
CAF_Group_G,Unknown Date,Uganda,1–2,Algeria
CAF_Group_G,10 June 2024(2024-06-10),Somalia,1–3,Botswana
CAF_Group_G,Unknown Date,Somalia,1–3,Botswana
CAF_Group_G,20 March 2025(2025-03-20),Mozambique,3–1,Uganda
CAF_Group_G,Unknown Date,Mozambique,3–1,Uganda
CAF_Group_G,21 March 2025(2025-03-21),Botswana,1–3,Algeria
CAF_Group_G,Unknown Date,Botswana,1–3,Algeria
CAF_Group_G,21 March 2025(2025-03-21),Guinea,0–0,Somalia
CAF_Group_G,Unknown Date,Guinea,0–0,Somalia
CAF_Group_G,25 March 2025(2025-03-25),Uganda,1–0,Guinea
CAF_Group_G,Unknown Date,Uganda,1–0,Guinea
CAF_Group_G,25 March 2025(2025-03-25),Botswana,2–0,Somalia
CAF_Group_G,Unknown Date,Botswana,2–0,Somalia
CAF_Group_G,25 March 2025(2025-03-25),Algeria,5–1,Mozambique
CAF_Group_G,Unknown Date,Algeria,5–1,Mozambique
CAF_Group_G,4 September 2025(2025-09-04),Algeria,3–1,Botswana
CAF_Group_G,Unknown Date,Algeria,3–1,Botswana
CAF_Group_G,5 September 2025(2025-09-05),Somalia,0–3,Guinea
CAF_Group_G,Unknown Date,Somalia,0–3,Guinea
CAF_Group_G,5 September 2025(2025-09-05),Uganda,4–0,Mozambique
CAF_Group_G,Unknown Date,Uganda,4–0,Mozambique
CAF_Group_G,8 September 2025(2025-09-08),Mozambique,2–0,Botswana
CAF_Group_G,Unknown Date,Mozambique,2–0,Botswana
CAF_Group_G,8 September 2025(2025-09-08),Uganda,2–0,Somalia
CAF_Group_G,Unknown Date,Uganda,2–0,Somalia
CAF_Group_G,8 September 2025(2025-09-08),Guinea,0–0,Algeria
CAF_Group_G,Unknown Date,Guinea,0–0,Algeria
CAF_Group_G,9 October 2025(2025-10-09),Somalia,0–3,Algeria
CAF_Group_G,Unknown Date,Somalia,0–3,Algeria
CAF_Group_G,9 October 2025(2025-10-09),Mozambique,1–2,Guinea
CAF_Group_G,Unknown Date,Mozambique,1–2,Guinea
CAF_Group_G,9 October 2025(2025-10-09),Botswana,0–1,Uganda
CAF_Group_G,Unknown Date,Botswana,0–1,Uganda
CAF_Group_G,14 October 2025(2025-10-14),Guinea,2–2,Botswana
CAF_Group_G,Unknown Date,Guinea,2–2,Botswana
CAF_Group_G,14 October 2025(2025-10-14),Somalia,0–1,Mozambique
CAF_Group_G,Unknown Date,Somalia,0–1,Mozambique
CAF_Group_G,14 October 2025(2025-10-14),Algeria,2–1,Uganda
CAF_Group_G,Unknown Date,Algeria,2–1,Uganda
CAF_Group_H,15 November 2023(2023-11-15),Equatorial Guinea,0–3Awarded[A],Namibia
CAF_Group_H,Unknown Date,Equatorial Guinea,0–3Awarded[A],Namibia
CAF_Group_H,17 November 2023(2023-11-17),Liberia,0–1,Malawi
CAF_Group_H,Unknown Date,Liberia,0–1,Malawi
CAF_Group_H,17 November 2023(2023-11-17),Tunisia,4–0,São Tomé and Príncipe
CAF_Group_H,Unknown Date,Tunisia,4–0,São Tomé and Príncipe
CAF_Group_H,20 November 2023(2023-11-20),Liberia,3–0Awarded[A],Equatorial Guinea
CAF_Group_H,Unknown Date,Liberia,3–0Awarded[A],Equatorial Guinea
CAF_Group_H,21 November 2023(2023-11-21),Malawi,0–1,Tunisia
CAF_Group_H,Unknown Date,Malawi,0–1,Tunisia
CAF_Group_H,21 November 2023(2023-11-21),São Tomé and Príncipe,0–2,Namibia
CAF_Group_H,Unknown Date,São Tomé and Príncipe,0–2,Namibia
CAF_Group_H,5 June 2024(2024-06-05),Namibia,1–1,Liberia
CAF_Group_H,Unknown Date,Namibia,1–1,Liberia
CAF_Group_H,5 June 2024(2024-06-05),Tunisia,1–0,Equatorial Guinea
CAF_Group_H,Unknown Date,Tunisia,1–0,Equatorial Guinea
CAF_Group_H,6 June 2024(2024-06-06),Malawi,3–1,São Tomé and Príncipe
CAF_Group_H,Unknown Date,Malawi,3–1,São Tomé and Príncipe
CAF_Group_H,9 June 2024(2024-06-09),São Tomé and Príncipe,0–1,Liberia
CAF_Group_H,Unknown Date,São Tomé and Príncipe,0–1,Liberia
CAF_Group_H,9 June 2024(2024-06-09),Namibia,0–0,Tunisia
CAF_Group_H,Unknown Date,Namibia,0–0,Tunisia
CAF_Group_H,10 June 2024(2024-06-10),Equatorial Guinea,1–0,Malawi
CAF_Group_H,Unknown Date,Equatorial Guinea,1–0,Malawi
CAF_Group_H,19 March 2025(2025-03-19),Liberia,0–1,Tunisia
CAF_Group_H,Unknown Date,Liberia,0–1,Tunisia
CAF_Group_H,20 March 2025(2025-03-20),Malawi,0–1,Namibia
CAF_Group_H,Unknown Date,Malawi,0–1,Namibia
CAF_Group_H,21 March 2025(2025-03-21),Equatorial Guinea,2–0,São Tomé and Príncipe
CAF_Group_H,Unknown Date,Equatorial Guinea,2–0,São Tomé and Príncipe
CAF_Group_H,24 March 2025(2025-03-24),Namibia,1–1,Equatorial Guinea
CAF_Group_H,Unknown Date,Namibia,1–1,Equatorial Guinea
CAF_Group_H,24 March 2025(2025-03-24),Liberia,2–1,São Tomé and Príncipe
CAF_Group_H,Unknown Date,Liberia,2–1,São Tomé and Príncipe
CAF_Group_H,24 March 2025(2025-03-24),Tunisia,2–0,Malawi
CAF_Group_H,Unknown Date,Tunisia,2–0,Malawi
CAF_Group_H,4 September 2025(2025-09-04),São Tomé and Príncipe,2–3,Equatorial Guinea
CAF_Group_H,Unknown Date,São Tomé and Príncipe,2–3,Equatorial Guinea
CAF_Group_H,4 September 2025(2025-09-04),Tunisia,3–0,Liberia
CAF_Group_H,Unknown Date,Tunisia,3–0,Liberia
CAF_Group_H,5 September 2025(2025-09-05),Namibia,1–2,Malawi
CAF_Group_H,Unknown Date,Namibia,1–2,Malawi
CAF_Group_H,8 September 2025(2025-09-08),Equatorial Guinea,0–1,Tunisia
CAF_Group_H,Unknown Date,Equatorial Guinea,0–1,Tunisia
CAF_Group_H,8 September 2025(2025-09-08),Malawi,2–2,Liberia
CAF_Group_H,Unknown Date,Malawi,2–2,Liberia
CAF_Group_H,9 September 2025(2025-09-09),Namibia,3–0,São Tomé and Príncipe
CAF_Group_H,Unknown Date,Namibia,3–0,São Tomé and Príncipe
CAF_Group_H,9 October 2025(2025-10-09),Malawi,3–0Awarded[B],Equatorial Guinea
CAF_Group_H,Unknown Date,Malawi,3–0Awarded[B],Equatorial Guinea
CAF_Group_H,9 October 2025(2025-10-09),Liberia,3–1,Namibia
CAF_Group_H,Unknown Date,Liberia,3–1,Namibia
CAF_Group_H,10 October 2025(2025-10-10),São Tomé and Príncipe,0–6,Tunisia
CAF_Group_H,Unknown Date,São Tomé and Príncipe,0–6,Tunisia
CAF_Group_H,13 October 2025(2025-10-13),Equatorial Guinea,1–1,Liberia
CAF_Group_H,Unknown Date,Equatorial Guinea,1–1,Liberia
CAF_Group_H,13 October 2025(2025-10-13),São Tomé and Príncipe,1–0,Malawi
CAF_Group_H,Unknown Date,São Tomé and Príncipe,1–0,Malawi
CAF_Group_H,13 October 2025(2025-10-13),Tunisia,3–0,Namibia
CAF_Group_H,Unknown Date,Tunisia,3–0,Namibia
CAF_Group_I,17 November 2023(2023-11-17),Comoros,4–2,Central African Republic
CAF_Group_I,Unknown Date,Comoros,4–2,Central African Republic
CAF_Group_I,17 November 2023(2023-11-17),Ghana,1–0,Madagascar
CAF_Group_I,Unknown Date,Ghana,1–0,Madagascar
CAF_Group_I,17 November 2023(2023-11-17),Mali,3–1,Chad
CAF_Group_I,Unknown Date,Mali,3–1,Chad
CAF_Group_I,20 November 2023(2023-11-20),Chad,0–3,Madagascar
CAF_Group_I,Unknown Date,Chad,0–3,Madagascar
CAF_Group_I,20 November 2023(2023-11-20),Mali,1–1,Central African Republic
CAF_Group_I,Unknown Date,Mali,1–1,Central African Republic
CAF_Group_I,21 November 2023(2023-11-21),Comoros,1–0,Ghana
CAF_Group_I,Unknown Date,Comoros,1–0,Ghana
CAF_Group_I,5 June 2024(2024-06-05),Central African Republic,1–0,Chad
CAF_Group_I,Unknown Date,Central African Republic,1–0,Chad
CAF_Group_I,6 June 2024(2024-06-06),Mali,1–2,Ghana
CAF_Group_I,Unknown Date,Mali,1–2,Ghana
CAF_Group_I,7 June 2024(2024-06-07),Madagascar,2–1,Comoros
CAF_Group_I,Unknown Date,Madagascar,2–1,Comoros
CAF_Group_I,10 June 2024(2024-06-10),Ghana,4–3,Central African Republic
CAF_Group_I,Unknown Date,Ghana,4–3,Central African Republic
CAF_Group_I,11 June 2024(2024-06-11),Madagascar,0–0,Mali
CAF_Group_I,Unknown Date,Madagascar,0–0,Mali
CAF_Group_I,11 June 2024(2024-06-11),Chad,0–2,Comoros
CAF_Group_I,Unknown Date,Chad,0–2,Comoros
CAF_Group_I,19 March 2025(2025-03-19),Central African Republic,1–4,Madagascar
CAF_Group_I,Unknown Date,Central African Republic,1–4,Madagascar
CAF_Group_I,20 March 2025(2025-03-20),Comoros,0–3,Mali
CAF_Group_I,Unknown Date,Comoros,0–3,Mali
CAF_Group_I,21 March 2025(2025-03-21),Ghana,5–0,Chad
CAF_Group_I,Unknown Date,Ghana,5–0,Chad
CAF_Group_I,24 March 2025(2025-03-24),Central African Republic,0–0,Mali
CAF_Group_I,Unknown Date,Central African Republic,0–0,Mali
CAF_Group_I,24 March 2025(2025-03-24),Madagascar,0–3,Ghana
CAF_Group_I,Unknown Date,Madagascar,0–3,Ghana
CAF_Group_I,25 March 2025(2025-03-25),Comoros,1–0,Chad
CAF_Group_I,Unknown Date,Comoros,1–0,Chad
CAF_Group_I,4 September 2025(2025-09-04),Chad,1–1,Ghana
CAF_Group_I,Unknown Date,Chad,1–1,Ghana
CAF_Group_I,4 September 2025(2025-09-04),Madagascar,2–0,Central African Republic
CAF_Group_I,Unknown Date,Madagascar,2–0,Central African Republic
CAF_Group_I,4 September 2025(2025-09-04),Mali,3–0,Comoros
CAF_Group_I,Unknown Date,Mali,3–0,Comoros
CAF_Group_I,7 September 2025(2025-09-07),Central African Republic,0–2,Comoros
CAF_Group_I,Unknown Date,Central African Republic,0–2,Comoros
CAF_Group_I,8 September 2025(2025-09-08),Madagascar,3–1,Chad
CAF_Group_I,Unknown Date,Madagascar,3–1,Chad
CAF_Group_I,8 September 2025(2025-09-08),Ghana,1–0,Mali
CAF_Group_I,Unknown Date,Ghana,1–0,Mali
CAF_Group_I,8 October 2025(2025-10-08),Chad,0–2,Mali
CAF_Group_I,Unknown Date,Chad,0–2,Mali
CAF_Group_I,8 October 2025(2025-10-08),Central African Republic,0–5,Ghana
CAF_Group_I,Unknown Date,Central African Republic,0–5,Ghana
CAF_Group_I,8 October 2025(2025-10-08),Comoros,1–2,Madagascar
CAF_Group_I,Unknown Date,Comoros,1–2,Madagascar
CAF_Group_I,12 October 2025(2025-10-12),Chad,2–3,Central African Republic
CAF_Group_I,Unknown Date,Chad,2–3,Central African Republic
CAF_Group_I,12 October 2025(2025-10-12),Ghana,1–0,Comoros
CAF_Group_I,Unknown Date,Ghana,1–0,Comoros
CAF_Group_I,12 October 2025(2025-10-12),Mali,4–1,Madagascar
CAF_Group_I,Unknown Date,Mali,4–1,Madagascar
OFC,6 September 2024(2024-09-06),Cook Islands,1–3,Tonga
OFC,Unknown Date,Cook Islands,1–3,Tonga
OFC,6 September 2024(2024-09-06),American Samoa,0–2,Samoa
OFC,Unknown Date,American Samoa,0–2,Samoa
OFC,9 September 2024(2024-09-09),Tonga,1–2 (a.e.t.),Samoa
OFC,Unknown Date,Tonga,1–2 (a.e.t.),Samoa
OFC,10 October 2024(2024-10-10),New Caledonia,3–1,Papua New Guinea
OFC,Unknown Date,New Caledonia,3–1,Papua New Guinea
OFC,10 October 2024(2024-10-10),Solomon Islands,0–1,Fiji
OFC,Unknown Date,Solomon Islands,0–1,Fiji
OFC,14 November 2024(2024-11-14),Solomon Islands,2–3,New Caledonia
OFC,Unknown Date,Solomon Islands,2–3,New Caledonia
OFC,14 November 2024(2024-11-14),Papua New Guinea,3–3,Fiji
OFC,Unknown Date,Papua New Guinea,3–3,Fiji
OFC,17 November 2024(2024-11-17),Fiji,1–1,New Caledonia
OFC,Unknown Date,Fiji,1–1,New Caledonia
OFC,17 November 2024(2024-11-17),Papua New Guinea,1–2,Solomon Islands
OFC,Unknown Date,Papua New Guinea,1–2,Solomon Islands
OFC,11 October 2024(2024-10-11),New Zealand,3–0,Tahiti
OFC,Unknown Date,New Zealand,3–0,Tahiti
OFC,12 October 2024(2024-10-12),Vanuatu,4–1,Samoa
OFC,Unknown Date,Vanuatu,4–1,Samoa
OFC,15 November 2024(2024-11-15),Samoa,0–3,Tahiti
OFC,Unknown Date,Samoa,0–3,Tahiti
OFC,15 November 2024(2024-11-15),New Zealand,8–1,Vanuatu
OFC,Unknown Date,New Zealand,8–1,Vanuatu
OFC,18 November 2024(2024-11-18),Tahiti,2–0,Vanuatu
OFC,Unknown Date,Tahiti,2–0,Vanuatu
OFC,18 November 2024(2024-11-18),Samoa,0–8,New Zealand
OFC,Unknown Date,Samoa,0–8,New Zealand
OFC,21 March 2025(2025-03-21),New Caledonia,3–0,Tahiti
OFC,Unknown Date,New Caledonia,3–0,Tahiti
OFC,21 March 2025(2025-03-21),New Zealand,7–0,Fiji
OFC,Unknown Date,New Zealand,7–0,Fiji
OFC,24 March 2025(2025-03-24),New Caledonia,0–3,New Zealand
OFC,Unknown Date,New Caledonia,0–3,New Zealand
AFC_R1,12 October 2023(2023-10-12),Afghanistan,1–0,Mongolia
AFC_R1,Unknown Date,Afghanistan,1–0,Mongolia
AFC_R1,17 October 2023(2023-10-17),Mongolia,0–1,Afghanistan
AFC_R1,Unknown Date,Mongolia,0–1,Afghanistan
AFC_R1,12 October 2023(2023-10-12),Maldives,1–1,Bangladesh
AFC_R1,Unknown Date,Maldives,1–1,Bangladesh
AFC_R1,17 October 2023(2023-10-17),Bangladesh,2–1,Maldives
AFC_R1,Unknown Date,Bangladesh,2–1,Maldives
AFC_R1,12 October 2023(2023-10-12),Singapore,2–1,Guam
AFC_R1,Unknown Date,Singapore,2–1,Guam
AFC_R1,17 October 2023(2023-10-17),Guam,0–1,Singapore
AFC_R1,Unknown Date,Guam,0–1,Singapore
AFC_R1,12 October 2023(2023-10-12),Yemen,3–0,Sri Lanka
AFC_R1,Unknown Date,Yemen,3–0,Sri Lanka
AFC_R1,17 October 2023(2023-10-17),Sri Lanka,1–1,Yemen
AFC_R1,Unknown Date,Sri Lanka,1–1,Yemen
AFC_R1,12 October 2023(2023-10-12),Myanmar,5–1,Macau
AFC_R1,Unknown Date,Myanmar,5–1,Macau
AFC_R1,17 October 2023(2023-10-17),Macau,0–0,Myanmar
AFC_R1,Unknown Date,Macau,0–0,Myanmar
AFC_R1,12 October 2023(2023-10-12),Cambodia,0–0,Pakistan
AFC_R1,Unknown Date,Cambodia,0–0,Pakistan
AFC_R1,17 October 2023(2023-10-17),Pakistan,1–0,Cambodia
AFC_R1,Unknown Date,Pakistan,1–0,Cambodia
AFC_R1,12 October 2023(2023-10-12),Chinese Taipei,4–0,Timor-Leste
AFC_R1,Unknown Date,Chinese Taipei,4–0,Timor-Leste
AFC_R1,17 October 2023(2023-10-17),Timor-Leste,0–3,Chinese Taipei
AFC_R1,Unknown Date,Timor-Leste,0–3,Chinese Taipei
AFC_R1,12 October 2023(2023-10-12),Indonesia,6–0,Brunei
AFC_R1,Unknown Date,Indonesia,6–0,Brunei
AFC_R1,17 October 2023(2023-10-17),Brunei,0–6,Indonesia
AFC_R1,Unknown Date,Brunei,0–6,Indonesia
AFC_R1,12 October 2023(2023-10-12),Hong Kong,4–0,Bhutan
AFC_R1,Unknown Date,Hong Kong,4–0,Bhutan
AFC_R1,17 October 2023(2023-10-17),Bhutan,2–0,Hong Kong
AFC_R1,Unknown Date,Bhutan,2–0,Hong Kong
AFC_R1,12 October 2023(2023-10-12),Nepal,1–1,Laos
AFC_R1,Unknown Date,Nepal,1–1,Laos
AFC_R1,17 October 2023(2023-10-17),Laos,0–1,Nepal
AFC_R1,Unknown Date,Laos,0–1,Nepal
AFC_R2,16 November 2023(2023-11-16),Qatar,8–1,Afghanistan
AFC_R2,Unknown Date,Qatar,8–1,Afghanistan
AFC_R2,16 November 2023(2023-11-16),Kuwait,0–1,India
AFC_R2,Unknown Date,Kuwait,0–1,India
AFC_R2,21 November 2023(2023-11-21),Afghanistan,0–4,Kuwait
AFC_R2,Unknown Date,Afghanistan,0–4,Kuwait
AFC_R2,21 November 2023(2023-11-21),India,0–3,Qatar
AFC_R2,Unknown Date,India,0–3,Qatar
AFC_R2,21 March 2024(2024-03-21),Qatar,3–0,Kuwait
AFC_R2,Unknown Date,Qatar,3–0,Kuwait
AFC_R2,21 March 2024(2024-03-21),Afghanistan,0–0,India
AFC_R2,Unknown Date,Afghanistan,0–0,India
AFC_R2,26 March 2024(2024-03-26),India,1–2,Afghanistan
AFC_R2,Unknown Date,India,1–2,Afghanistan
AFC_R2,26 March 2024(2024-03-26),Kuwait,1–2,Qatar
AFC_R2,Unknown Date,Kuwait,1–2,Qatar
AFC_R2,6 June 2024(2024-06-06),Afghanistan,0–0,Qatar
AFC_R2,Unknown Date,Afghanistan,0–0,Qatar
AFC_R2,6 June 2024(2024-06-06),India,0–0,Kuwait
AFC_R2,Unknown Date,India,0–0,Kuwait
AFC_R2,11 June 2024(2024-06-11),Qatar,2–1,India
AFC_R2,Unknown Date,Qatar,2–1,India
AFC_R2,11 June 2024(2024-06-11),Kuwait,1–0,Afghanistan
AFC_R2,Unknown Date,Kuwait,1–0,Afghanistan
AFC_R2,16 November 2023(2023-11-16),Japan,5–0,Myanmar
AFC_R2,Unknown Date,Japan,5–0,Myanmar
AFC_R2,16 November 2023(2023-11-16)[note 3],Syria,1–0,North Korea
AFC_R2,Unknown Date,Syria,1–0,North Korea
AFC_R2,21 November 2023(2023-11-21),Myanmar,1–6,North Korea
AFC_R2,Unknown Date,Myanmar,1–6,North Korea
AFC_R2,21 November 2023(2023-11-21),Syria,0–5,Japan
AFC_R2,Unknown Date,Syria,0–5,Japan
AFC_R2,21 March 2024(2024-03-21),Japan,1–0,North Korea
AFC_R2,Unknown Date,Japan,1–0,North Korea
AFC_R2,21 March 2024(2024-03-21),Myanmar,1–1,Syria
AFC_R2,Unknown Date,Myanmar,1–1,Syria
AFC_R2,26 March 2024(2024-03-26),Syria,7–0,Myanmar
AFC_R2,Unknown Date,Syria,7–0,Myanmar
AFC_R2,26 March 2024(2024-03-26),North Korea,0–3Awarded[note 5],Japan
AFC_R2,Unknown Date,North Korea,0–3Awarded[note 5],Japan
AFC_R2,6 June 2024(2024-06-06),Myanmar,0–5,Japan
AFC_R2,Unknown Date,Myanmar,0–5,Japan
AFC_R2,6 June 2024(2024-06-06)[note 3],North Korea,1–0,Syria
AFC_R2,Unknown Date,North Korea,1–0,Syria
AFC_R2,11 June 2024(2024-06-11),Japan,5–0,Syria
AFC_R2,Unknown Date,Japan,5–0,Syria
AFC_R2,11 June 2024(2024-06-11),North Korea,4–1,Myanmar
AFC_R2,Unknown Date,North Korea,4–1,Myanmar
AFC_R2,16 November 2023(2023-11-16),South Korea,5–0,Singapore
AFC_R2,Unknown Date,South Korea,5–0,Singapore
AFC_R2,16 November 2023(2023-11-16),Thailand,1–2,China
AFC_R2,Unknown Date,Thailand,1–2,China
AFC_R2,21 November 2023(2023-11-21),Singapore,1–3,Thailand
AFC_R2,Unknown Date,Singapore,1–3,Thailand
AFC_R2,21 November 2023(2023-11-21),China,0–3,South Korea
AFC_R2,Unknown Date,China,0–3,South Korea
AFC_R2,21 March 2024(2024-03-21),South Korea,1–1,Thailand
AFC_R2,Unknown Date,South Korea,1–1,Thailand
AFC_R2,21 March 2024(2024-03-21),Singapore,2–2,China
AFC_R2,Unknown Date,Singapore,2–2,China
AFC_R2,26 March 2024(2024-03-26),China,4–1,Singapore
AFC_R2,Unknown Date,China,4–1,Singapore
AFC_R2,26 March 2024(2024-03-26),Thailand,0–3,South Korea
AFC_R2,Unknown Date,Thailand,0–3,South Korea
AFC_R2,6 June 2024(2024-06-06),Singapore,0–7,South Korea
AFC_R2,Unknown Date,Singapore,0–7,South Korea
AFC_R2,6 June 2024(2024-06-06),China,1–1,Thailand
AFC_R2,Unknown Date,China,1–1,Thailand
AFC_R2,11 June 2024(2024-06-11),South Korea,1–0,China
AFC_R2,Unknown Date,South Korea,1–0,China
AFC_R2,11 June 2024(2024-06-11),Thailand,3–1,Singapore
AFC_R2,Unknown Date,Thailand,3–1,Singapore
AFC_R2,16 November 2023(2023-11-16),Oman,3–0,Chinese Taipei
AFC_R2,Unknown Date,Oman,3–0,Chinese Taipei
AFC_R2,16 November 2023(2023-11-16),Malaysia,4–3,Kyrgyzstan
AFC_R2,Unknown Date,Malaysia,4–3,Kyrgyzstan
AFC_R2,21 November 2023(2023-11-21),Chinese Taipei,0–1,Malaysia
AFC_R2,Unknown Date,Chinese Taipei,0–1,Malaysia
AFC_R2,21 November 2023(2023-11-21),Kyrgyzstan,1–0,Oman
AFC_R2,Unknown Date,Kyrgyzstan,1–0,Oman
AFC_R2,21 March 2024(2024-03-21),Chinese Taipei,0–2,Kyrgyzstan
AFC_R2,Unknown Date,Chinese Taipei,0–2,Kyrgyzstan
AFC_R2,21 March 2024(2024-03-21),Oman,2–0,Malaysia
AFC_R2,Unknown Date,Oman,2–0,Malaysia
AFC_R2,26 March 2024(2024-03-26),Kyrgyzstan,5–1,Chinese Taipei
AFC_R2,Unknown Date,Kyrgyzstan,5–1,Chinese Taipei
AFC_R2,26 March 2024(2024-03-26),Malaysia,0–2,Oman
AFC_R2,Unknown Date,Malaysia,0–2,Oman
AFC_R2,6 June 2024(2024-06-06),Chinese Taipei,0–3,Oman
AFC_R2,Unknown Date,Chinese Taipei,0–3,Oman
AFC_R2,6 June 2024(2024-06-06),Kyrgyzstan,1–1,Malaysia
AFC_R2,Unknown Date,Kyrgyzstan,1–1,Malaysia
AFC_R2,11 June 2024(2024-06-11),Oman,1–1,Kyrgyzstan
AFC_R2,Unknown Date,Oman,1–1,Kyrgyzstan
AFC_R2,11 June 2024(2024-06-11),Malaysia,3–1,Chinese Taipei
AFC_R2,Unknown Date,Malaysia,3–1,Chinese Taipei
AFC_R2,16 November 2023(2023-11-16),Iran,4–0,Hong Kong
AFC_R2,Unknown Date,Iran,4–0,Hong Kong
AFC_R2,16 November 2023(2023-11-16),Turkmenistan,1–3,Uzbekistan
AFC_R2,Unknown Date,Turkmenistan,1–3,Uzbekistan
AFC_R2,21 November 2023(2023-11-21),Hong Kong,2–2,Turkmenistan
AFC_R2,Unknown Date,Hong Kong,2–2,Turkmenistan
AFC_R2,21 November 2023(2023-11-21),Uzbekistan,2–2,Iran
AFC_R2,Unknown Date,Uzbekistan,2–2,Iran
AFC_R2,21 March 2024(2024-03-21),Hong Kong,0–2,Uzbekistan
AFC_R2,Unknown Date,Hong Kong,0–2,Uzbekistan
AFC_R2,21 March 2024(2024-03-21),Iran,5–0,Turkmenistan
AFC_R2,Unknown Date,Iran,5–0,Turkmenistan
AFC_R2,26 March 2024(2024-03-26),Uzbekistan,3–0,Hong Kong
AFC_R2,Unknown Date,Uzbekistan,3–0,Hong Kong
AFC_R2,26 March 2024(2024-03-26),Turkmenistan,0–1,Iran
AFC_R2,Unknown Date,Turkmenistan,0–1,Iran
AFC_R2,6 June 2024(2024-06-06),Hong Kong,2–4,Iran
AFC_R2,Unknown Date,Hong Kong,2–4,Iran
AFC_R2,6 June 2024(2024-06-06),Uzbekistan,3–1,Turkmenistan
AFC_R2,Unknown Date,Uzbekistan,3–1,Turkmenistan
AFC_R2,11 June 2024(2024-06-11),Turkmenistan,0–0,Hong Kong
AFC_R2,Unknown Date,Turkmenistan,0–0,Hong Kong
AFC_R2,11 June 2024(2024-06-11),Iran,0–0,Uzbekistan
AFC_R2,Unknown Date,Iran,0–0,Uzbekistan
AFC_R2,16 November 2023(2023-11-16),Iraq,5–1,Indonesia
AFC_R2,Unknown Date,Iraq,5–1,Indonesia
AFC_R2,16 November 2023(2023-11-16),Philippines,0–2,Vietnam
AFC_R2,Unknown Date,Philippines,0–2,Vietnam
AFC_R2,21 November 2023(2023-11-21),Philippines,1–1,Indonesia
AFC_R2,Unknown Date,Philippines,1–1,Indonesia
AFC_R2,21 November 2023(2023-11-21),Vietnam,0–1,Iraq
AFC_R2,Unknown Date,Vietnam,0–1,Iraq
AFC_R2,21 March 2024(2024-03-21),Iraq,1–0,Philippines
AFC_R2,Unknown Date,Iraq,1–0,Philippines
AFC_R2,21 March 2024(2024-03-21),Indonesia,1–0,Vietnam
AFC_R2,Unknown Date,Indonesia,1–0,Vietnam
AFC_R2,26 March 2024(2024-03-26),Vietnam,0–3,Indonesia
AFC_R2,Unknown Date,Vietnam,0–3,Indonesia
AFC_R2,26 March 2024(2024-03-26),Philippines,0–5,Iraq
AFC_R2,Unknown Date,Philippines,0–5,Iraq
AFC_R2,6 June 2024(2024-06-06),Indonesia,0–2,Iraq
AFC_R2,Unknown Date,Indonesia,0–2,Iraq
AFC_R2,6 June 2024(2024-06-06),Vietnam,3–2,Philippines
AFC_R2,Unknown Date,Vietnam,3–2,Philippines
AFC_R2,11 June 2024(2024-06-11),Iraq,3–1,Vietnam
AFC_R2,Unknown Date,Iraq,3–1,Vietnam
AFC_R2,11 June 2024(2024-06-11),Indonesia,2–0,Philippines
AFC_R2,Unknown Date,Indonesia,2–0,Philippines
AFC_R2,16 November 2023(2023-11-16),Saudi Arabia,4–0,Pakistan
AFC_R2,Unknown Date,Saudi Arabia,4–0,Pakistan
AFC_R2,16 November 2023(2023-11-16),Tajikistan,1–1,Jordan
AFC_R2,Unknown Date,Tajikistan,1–1,Jordan
AFC_R2,21 November 2023(2023-11-21),Pakistan,1–6,Tajikistan
AFC_R2,Unknown Date,Pakistan,1–6,Tajikistan
AFC_R2,21 November 2023(2023-11-21),Jordan,0–2,Saudi Arabia
AFC_R2,Unknown Date,Jordan,0–2,Saudi Arabia
AFC_R2,21 March 2024(2024-03-21),Pakistan,0–3,Jordan
AFC_R2,Unknown Date,Pakistan,0–3,Jordan
AFC_R2,21 March 2024(2024-03-21),Saudi Arabia,1–0,Tajikistan
AFC_R2,Unknown Date,Saudi Arabia,1–0,Tajikistan
AFC_R2,26 March 2024(2024-03-26),Jordan,7–0,Pakistan
AFC_R2,Unknown Date,Jordan,7–0,Pakistan
AFC_R2,26 March 2024(2024-03-26),Tajikistan,1–1,Saudi Arabia
AFC_R2,Unknown Date,Tajikistan,1–1,Saudi Arabia
AFC_R2,6 June 2024(2024-06-06),Pakistan,0–3,Saudi Arabia
AFC_R2,Unknown Date,Pakistan,0–3,Saudi Arabia
AFC_R2,6 June 2024(2024-06-06),Jordan,3–0,Tajikistan
AFC_R2,Unknown Date,Jordan,3–0,Tajikistan
AFC_R2,11 June 2024(2024-06-11),Tajikistan,3–0,Pakistan
AFC_R2,Unknown Date,Tajikistan,3–0,Pakistan
AFC_R2,11 June 2024(2024-06-11),Saudi Arabia,1–2,Jordan
AFC_R2,Unknown Date,Saudi Arabia,1–2,Jordan
AFC_R2,16 November 2023(2023-11-16),United Arab Emirates,4–0,Nepal
AFC_R2,Unknown Date,United Arab Emirates,4–0,Nepal
AFC_R2,16 November 2023(2023-11-16),Yemen,0–2,Bahrain
AFC_R2,Unknown Date,Yemen,0–2,Bahrain
AFC_R2,21 November 2023(2023-11-21),Nepal,0–2,Yemen
AFC_R2,Unknown Date,Nepal,0–2,Yemen
AFC_R2,21 November 2023(2023-11-21),Bahrain,0–2,United Arab Emirates
AFC_R2,Unknown Date,Bahrain,0–2,United Arab Emirates
AFC_R2,21 March 2024(2024-03-21),United Arab Emirates,2–1,Yemen
AFC_R2,Unknown Date,United Arab Emirates,2–1,Yemen
AFC_R2,21 March 2024(2024-03-21),Nepal,0–5,Bahrain
AFC_R2,Unknown Date,Nepal,0–5,Bahrain
AFC_R2,26 March 2024(2024-03-26),Bahrain,3–0,Nepal
AFC_R2,Unknown Date,Bahrain,3–0,Nepal
AFC_R2,26 March 2024(2024-03-26),Yemen,0–3,United Arab Emirates
AFC_R2,Unknown Date,Yemen,0–3,United Arab Emirates
AFC_R2,6 June 2024(2024-06-06),Nepal,0–4,United Arab Emirates
AFC_R2,Unknown Date,Nepal,0–4,United Arab Emirates
AFC_R2,6 June 2024(2024-06-06),Bahrain,0–0,Yemen
AFC_R2,Unknown Date,Bahrain,0–0,Yemen
AFC_R2,11 June 2024(2024-06-11),United Arab Emirates,1–1,Bahrain
AFC_R2,Unknown Date,United Arab Emirates,1–1,Bahrain
AFC_R2,11 June 2024(2024-06-11),Yemen,2–2,Nepal
AFC_R2,Unknown Date,Yemen,2–2,Nepal
AFC_R2,16 November 2023(2023-11-16),Australia,7–0,Bangladesh
AFC_R2,Unknown Date,Australia,7–0,Bangladesh
AFC_R2,16 November 2023(2023-11-16),Lebanon,0–0,Palestine
AFC_R2,Unknown Date,Lebanon,0–0,Palestine
AFC_R2,21 November 2023(2023-11-21),Bangladesh,1–1,Lebanon
AFC_R2,Unknown Date,Bangladesh,1–1,Lebanon
AFC_R2,21 November 2023(2023-11-21),Palestine,0–1,Australia
AFC_R2,Unknown Date,Palestine,0–1,Australia
AFC_R2,21 March 2024(2024-03-21),Australia,2–0,Lebanon
AFC_R2,Unknown Date,Australia,2–0,Lebanon
AFC_R2,21 March 2024(2024-03-21)[note 12],Palestine,5–0,Bangladesh
AFC_R2,Unknown Date,Palestine,5–0,Bangladesh
AFC_R2,26 March 2024(2024-03-26)[note 12],Bangladesh,0–1,Palestine
AFC_R2,Unknown Date,Bangladesh,0–1,Palestine
AFC_R2,26 March 2024(2024-03-26),Lebanon,0–5,Australia
AFC_R2,Unknown Date,Lebanon,0–5,Australia
AFC_R2,6 June 2024(2024-06-06),Bangladesh,0–2,Australia
AFC_R2,Unknown Date,Bangladesh,0–2,Australia
AFC_R2,6 June 2024(2024-06-06),Palestine,0–0,Lebanon
AFC_R2,Unknown Date,Palestine,0–0,Lebanon
AFC_R2,11 June 2024(2024-06-11),Australia,5–0,Palestine
AFC_R2,Unknown Date,Australia,5–0,Palestine
AFC_R2,11 June 2024(2024-06-11),Lebanon,4–0,Bangladesh
AFC_R2,Unknown Date,Lebanon,4–0,Bangladesh
AFC_R3,5 September 2024(2024-09-05),Uzbekistan,1–0,North Korea
AFC_R3,Unknown Date,Uzbekistan,1–0,North Korea
AFC_R3,5 September 2024(2024-09-05),Iran,1–0,Kyrgyzstan
AFC_R3,Unknown Date,Iran,1–0,Kyrgyzstan
AFC_R3,5 September 2024(2024-09-05),Qatar,1–3,United Arab Emirates
AFC_R3,Unknown Date,Qatar,1–3,United Arab Emirates
AFC_R3,10 September 2024(2024-09-10),North Korea,2–2,Qatar
AFC_R3,Unknown Date,North Korea,2–2,Qatar
AFC_R3,10 September 2024(2024-09-10),Kyrgyzstan,2–3,Uzbekistan
AFC_R3,Unknown Date,Kyrgyzstan,2–3,Uzbekistan
AFC_R3,10 September 2024(2024-09-10),United Arab Emirates,0–1,Iran
AFC_R3,Unknown Date,United Arab Emirates,0–1,Iran
AFC_R3,10 October 2024(2024-10-10),Uzbekistan,0–0,Iran
AFC_R3,Unknown Date,Uzbekistan,0–0,Iran
AFC_R3,10 October 2024(2024-10-10),Qatar,3–1,Kyrgyzstan
AFC_R3,Unknown Date,Qatar,3–1,Kyrgyzstan
AFC_R3,10 October 2024(2024-10-10),United Arab Emirates,1–1,North Korea
AFC_R3,Unknown Date,United Arab Emirates,1–1,North Korea
AFC_R3,15 October 2024(2024-10-15),Uzbekistan,1–0,United Arab Emirates
AFC_R3,Unknown Date,Uzbekistan,1–0,United Arab Emirates
AFC_R3,15 October 2024(2024-10-15),Kyrgyzstan,1–0,North Korea
AFC_R3,Unknown Date,Kyrgyzstan,1–0,North Korea
AFC_R3,15 October 2024(2024-10-15),Iran,4–1,Qatar
AFC_R3,Unknown Date,Iran,4–1,Qatar
AFC_R3,14 November 2024(2024-11-14),North Korea,2–3,Iran
AFC_R3,Unknown Date,North Korea,2–3,Iran
AFC_R3,14 November 2024(2024-11-14),Qatar,3–2,Uzbekistan
AFC_R3,Unknown Date,Qatar,3–2,Uzbekistan
AFC_R3,14 November 2024(2024-11-14),United Arab Emirates,3–0,Kyrgyzstan
AFC_R3,Unknown Date,United Arab Emirates,3–0,Kyrgyzstan
AFC_R3,19 November 2024(2024-11-19),North Korea,0–1,Uzbekistan
AFC_R3,Unknown Date,North Korea,0–1,Uzbekistan
AFC_R3,19 November 2024(2024-11-19),Kyrgyzstan,2–3,Iran
AFC_R3,Unknown Date,Kyrgyzstan,2–3,Iran
AFC_R3,19 November 2024(2024-11-19),United Arab Emirates,5–0,Qatar
AFC_R3,Unknown Date,United Arab Emirates,5–0,Qatar
AFC_R3,20 March 2025(2025-03-20),Uzbekistan,1–0,Kyrgyzstan
AFC_R3,Unknown Date,Uzbekistan,1–0,Kyrgyzstan
AFC_R3,20 March 2025(2025-03-20),Iran,2–0,United Arab Emirates
AFC_R3,Unknown Date,Iran,2–0,United Arab Emirates
AFC_R3,20 March 2025(2025-03-20),Qatar,5–1,North Korea
AFC_R3,Unknown Date,Qatar,5–1,North Korea
AFC_R3,25 March 2025(2025-03-25),Kyrgyzstan,3–1,Qatar
AFC_R3,Unknown Date,Kyrgyzstan,3–1,Qatar
AFC_R3,25 March 2025(2025-03-25),Iran,2–2,Uzbekistan
AFC_R3,Unknown Date,Iran,2–2,Uzbekistan
AFC_R3,25 March 2025(2025-03-25),North Korea,1–2,United Arab Emirates
AFC_R3,Unknown Date,North Korea,1–2,United Arab Emirates
AFC_R3,5 June 2025(2025-06-05),United Arab Emirates,0–0,Uzbekistan
AFC_R3,Unknown Date,United Arab Emirates,0–0,Uzbekistan
AFC_R3,5 June 2025(2025-06-05),Qatar,1–0,Iran
AFC_R3,Unknown Date,Qatar,1–0,Iran
AFC_R3,5 June 2025(2025-06-05),North Korea,2–2,Kyrgyzstan
AFC_R3,Unknown Date,North Korea,2–2,Kyrgyzstan
AFC_R3,10 June 2025(2025-06-10),Uzbekistan,3–0,Qatar
AFC_R3,Unknown Date,Uzbekistan,3–0,Qatar
AFC_R3,10 June 2025(2025-06-10),Kyrgyzstan,1–1,United Arab Emirates
AFC_R3,Unknown Date,Kyrgyzstan,1–1,United Arab Emirates
AFC_R3,10 June 2025(2025-06-10),Iran,3–0,North Korea
AFC_R3,Unknown Date,Iran,3–0,North Korea
AFC_R3,5 September 2024(2024-09-05),South Korea,0–0,Palestine
AFC_R3,Unknown Date,South Korea,0–0,Palestine
AFC_R3,5 September 2024(2024-09-05),Iraq,1–0,Oman
AFC_R3,Unknown Date,Iraq,1–0,Oman
AFC_R3,5 September 2024(2024-09-05),Jordan,1–1,Kuwait
AFC_R3,Unknown Date,Jordan,1–1,Kuwait
AFC_R3,10 September 2024(2024-09-10),Palestine,1–3,Jordan
AFC_R3,Unknown Date,Palestine,1–3,Jordan
AFC_R3,10 September 2024(2024-09-10),Oman,1–3,South Korea
AFC_R3,Unknown Date,Oman,1–3,South Korea
AFC_R3,10 September 2024(2024-09-10),Kuwait,0–0,Iraq
AFC_R3,Unknown Date,Kuwait,0–0,Iraq
AFC_R3,10 October 2024(2024-10-10),Jordan,0–2,South Korea
AFC_R3,Unknown Date,Jordan,0–2,South Korea
AFC_R3,10 October 2024(2024-10-10),Oman,4–0,Kuwait
AFC_R3,Unknown Date,Oman,4–0,Kuwait
AFC_R3,10 October 2024(2024-10-10),Iraq,1–0,Palestine
AFC_R3,Unknown Date,Iraq,1–0,Palestine
AFC_R3,15 October 2024(2024-10-15),South Korea,3–2,Iraq
AFC_R3,Unknown Date,South Korea,3–2,Iraq
AFC_R3,15 October 2024(2024-10-15),Jordan,4–0,Oman
AFC_R3,Unknown Date,Jordan,4–0,Oman
AFC_R3,15 October 2024(2024-10-15),Palestine,2–2,Kuwait
AFC_R3,Unknown Date,Palestine,2–2,Kuwait
AFC_R3,14 November 2024(2024-11-14),Kuwait,1–3,South Korea
AFC_R3,Unknown Date,Kuwait,1–3,South Korea
AFC_R3,14 November 2024(2024-11-14),Oman,1–0,Palestine
AFC_R3,Unknown Date,Oman,1–0,Palestine
AFC_R3,14 November 2024(2024-11-14),Iraq,0–0,Jordan
AFC_R3,Unknown Date,Iraq,0–0,Jordan
AFC_R3,19 November 2024(2024-11-19),Palestine,1–1,South Korea
AFC_R3,Unknown Date,Palestine,1–1,South Korea
AFC_R3,19 November 2024(2024-11-19),Oman,0–1,Iraq
AFC_R3,Unknown Date,Oman,0–1,Iraq
AFC_R3,19 November 2024(2024-11-19),Kuwait,1–1,Jordan
AFC_R3,Unknown Date,Kuwait,1–1,Jordan
AFC_R3,20 March 2025(2025-03-20),South Korea,1–1,Oman
AFC_R3,Unknown Date,South Korea,1–1,Oman
AFC_R3,20 March 2025(2025-03-20),Iraq,2–2,Kuwait
AFC_R3,Unknown Date,Iraq,2–2,Kuwait
AFC_R3,20 March 2025(2025-03-20),Jordan,3–1,Palestine
AFC_R3,Unknown Date,Jordan,3–1,Palestine
AFC_R3,25 March 2025(2025-03-25),South Korea,1–1,Jordan
AFC_R3,Unknown Date,South Korea,1–1,Jordan
AFC_R3,25 March 2025(2025-03-25),Palestine,2–1,Iraq
AFC_R3,Unknown Date,Palestine,2–1,Iraq
AFC_R3,25 March 2025(2025-03-25),Kuwait,0–1,Oman
AFC_R3,Unknown Date,Kuwait,0–1,Oman
AFC_R3,5 June 2025(2025-06-05),Oman,0–3,Jordan
AFC_R3,Unknown Date,Oman,0–3,Jordan
AFC_R3,5 June 2025(2025-06-05),Iraq,0–2,South Korea
AFC_R3,Unknown Date,Iraq,0–2,South Korea
AFC_R3,5 June 2025(2025-06-05),Kuwait,0–2,Palestine
AFC_R3,Unknown Date,Kuwait,0–2,Palestine
AFC_R3,10 June 2025(2025-06-10),South Korea,4–0,Kuwait
AFC_R3,Unknown Date,South Korea,4–0,Kuwait
AFC_R3,10 June 2025(2025-06-10),Jordan,0–1,Iraq
AFC_R3,Unknown Date,Jordan,0–1,Iraq
AFC_R3,10 June 2025(2025-06-10),Palestine,1–1,Oman
AFC_R3,Unknown Date,Palestine,1–1,Oman
AFC_R3,5 September 2024(2024-09-05),Australia,0–1,Bahrain
AFC_R3,Unknown Date,Australia,0–1,Bahrain
AFC_R3,5 September 2024(2024-09-05),Japan,7–0,China
AFC_R3,Unknown Date,Japan,7–0,China
AFC_R3,5 September 2024(2024-09-05),Saudi Arabia,1–1,Indonesia
AFC_R3,Unknown Date,Saudi Arabia,1–1,Indonesia
AFC_R3,10 September 2024(2024-09-10),Indonesia,0–0,Australia
AFC_R3,Unknown Date,Indonesia,0–0,Australia
AFC_R3,10 September 2024(2024-09-10),China,1–2,Saudi Arabia
AFC_R3,Unknown Date,China,1–2,Saudi Arabia
AFC_R3,10 September 2024(2024-09-10),Bahrain,0–5,Japan
AFC_R3,Unknown Date,Bahrain,0–5,Japan
AFC_R3,10 October 2024(2024-10-10),Australia,3–1,China
AFC_R3,Unknown Date,Australia,3–1,China
AFC_R3,10 October 2024(2024-10-10),Bahrain,2–2,Indonesia
AFC_R3,Unknown Date,Bahrain,2–2,Indonesia
AFC_R3,10 October 2024(2024-10-10),Saudi Arabia,0–2,Japan
AFC_R3,Unknown Date,Saudi Arabia,0–2,Japan
AFC_R3,15 October 2024(2024-10-15),Japan,1–1,Australia
AFC_R3,Unknown Date,Japan,1–1,Australia
AFC_R3,15 October 2024(2024-10-15),China,2–1,Indonesia
AFC_R3,Unknown Date,China,2–1,Indonesia
AFC_R3,15 October 2024(2024-10-15),Saudi Arabia,0–0,Bahrain
AFC_R3,Unknown Date,Saudi Arabia,0–0,Bahrain
AFC_R3,14 November 2024(2024-11-14),Australia,0–0,Saudi Arabia
AFC_R3,Unknown Date,Australia,0–0,Saudi Arabia
AFC_R3,14 November 2024(2024-11-14),Bahrain,0–1,China
AFC_R3,Unknown Date,Bahrain,0–1,China
AFC_R3,15 November 2024(2024-11-15),Indonesia,0–4,Japan
AFC_R3,Unknown Date,Indonesia,0–4,Japan
AFC_R3,19 November 2024(2024-11-19),China,1–3,Japan
AFC_R3,Unknown Date,China,1–3,Japan
AFC_R3,19 November 2024(2024-11-19),Indonesia,2–0,Saudi Arabia
AFC_R3,Unknown Date,Indonesia,2–0,Saudi Arabia
AFC_R3,19 November 2024(2024-11-19),Bahrain,2–2,Australia
AFC_R3,Unknown Date,Bahrain,2–2,Australia
AFC_R3,20 March 2025(2025-03-20),Australia,5–1,Indonesia
AFC_R3,Unknown Date,Australia,5–1,Indonesia
AFC_R3,20 March 2025(2025-03-20),Japan,2–0,Bahrain
AFC_R3,Unknown Date,Japan,2–0,Bahrain
AFC_R3,20 March 2025(2025-03-20),Saudi Arabia,1–0,China
AFC_R3,Unknown Date,Saudi Arabia,1–0,China
AFC_R3,25 March 2025(2025-03-25),Japan,0–0,Saudi Arabia
AFC_R3,Unknown Date,Japan,0–0,Saudi Arabia
AFC_R3,25 March 2025(2025-03-25),China,0–2,Australia
AFC_R3,Unknown Date,China,0–2,Australia
AFC_R3,25 March 2025(2025-03-25),Indonesia,1–0,Bahrain
AFC_R3,Unknown Date,Indonesia,1–0,Bahrain
AFC_R3,5 June 2025(2025-06-05),Australia,1–0,Japan
AFC_R3,Unknown Date,Australia,1–0,Japan
AFC_R3,5 June 2025(2025-06-05),Indonesia,1–0,China
AFC_R3,Unknown Date,Indonesia,1–0,China
AFC_R3,5 June 2025(2025-06-05),Bahrain,0–2,Saudi Arabia
AFC_R3,Unknown Date,Bahrain,0–2,Saudi Arabia
AFC_R3,10 June 2025(2025-06-10),Japan,6–0,Indonesia
AFC_R3,Unknown Date,Japan,6–0,Indonesia
AFC_R3,10 June 2025(2025-06-10),China,1–0,Bahrain
AFC_R3,Unknown Date,China,1–0,Bahrain
AFC_R3,10 June 2025(2025-06-10),Saudi Arabia,1–2,Australia
AFC_R3,Unknown Date,Saudi Arabia,1–2,Australia
AFC_R4,8 October 2025(2025-10-08),Oman,0–0,Qatar
AFC_R4,Unknown Date,Oman,0–0,Qatar
AFC_R4,11 October 2025(2025-10-11),United Arab Emirates,2–1,Oman
AFC_R4,Unknown Date,United Arab Emirates,2–1,Oman
AFC_R4,14 October 2025(2025-10-14),Qatar,2–1,United Arab Emirates
AFC_R4,Unknown Date,Qatar,2–1,United Arab Emirates
AFC_R4,8 October 2025(2025-10-08),Indonesia,2–3,Saudi Arabia
AFC_R4,Unknown Date,Indonesia,2–3,Saudi Arabia
AFC_R4,11 October 2025(2025-10-11),Iraq,1–0,Indonesia
AFC_R4,Unknown Date,Iraq,1–0,Indonesia
AFC_R4,14 October 2025(2025-10-14),Saudi Arabia,0–0,Iraq
AFC_R4,Unknown Date,Saudi Arabia,0–0,Iraq
AFC_R5,13 November 2025(2025-11-13),United Arab Emirates,1–1,Iraq
AFC_R5,Unknown Date,United Arab Emirates,1–1,Iraq
AFC_R5,18 November 2025(2025-11-18),Iraq,2–1,United Arab Emirates
AFC_R5,Unknown Date,Iraq,2–1,United Arab Emirates
CONCACAF_R1,22 March 2024(2024-03-22),Anguilla,0–0,Turks and Caicos Islands
CONCACAF_R1,Unknown Date,Anguilla,0–0,Turks and Caicos Islands
CONCACAF_R1,26 March 2024(2024-03-26),Turks and Caicos Islands,1–1 (a.e.t.),Anguilla
CONCACAF_R1,Unknown Date,Turks and Caicos Islands,1–1 (a.e.t.),Anguilla
CONCACAF_R1,22 March 2024(2024-03-22),U.S. Virgin Islands,1–1,British Virgin Islands
CONCACAF_R1,Unknown Date,U.S. Virgin Islands,1–1,British Virgin Islands
CONCACAF_R1,26 March 2024(2024-03-26),British Virgin Islands,0–0 (a.e.t.),U.S. Virgin Islands
CONCACAF_R1,Unknown Date,British Virgin Islands,0–0 (a.e.t.),U.S. Virgin Islands
CONCACAF_R2,5 June 2024(2024-06-05),Antigua and Barbuda,1–1,Bermuda
CONCACAF_R2,Unknown Date,Antigua and Barbuda,1–1,Bermuda
CONCACAF_R2,6 June 2024(2024-06-06),Honduras,3–1,Cuba
CONCACAF_R2,Unknown Date,Honduras,3–1,Cuba
CONCACAF_R2,8 June 2024(2024-06-08),Cayman Islands,1–0,Antigua and Barbuda
CONCACAF_R2,Unknown Date,Cayman Islands,1–0,Antigua and Barbuda
CONCACAF_R2,9 June 2024(2024-06-09),Bermuda,1–6,Honduras
CONCACAF_R2,Unknown Date,Bermuda,1–6,Honduras
CONCACAF_R2,11 June 2024(2024-06-11),Cuba,3–0Awarded[note 2],Cayman Islands
CONCACAF_R2,Unknown Date,Cuba,3–0Awarded[note 2],Cayman Islands
CONCACAF_R2,4 June 2025(2025-06-04),Bermuda,5–0,Cayman Islands
CONCACAF_R2,Unknown Date,Bermuda,5–0,Cayman Islands
CONCACAF_R2,6 June 2025(2025-06-06),Antigua and Barbuda,0–1,Cuba
CONCACAF_R2,Unknown Date,Antigua and Barbuda,0–1,Cuba
CONCACAF_R2,7 June 2025(2025-06-07),Cayman Islands,0–1,Honduras
CONCACAF_R2,Unknown Date,Cayman Islands,0–1,Honduras
CONCACAF_R2,10 June 2025(2025-06-10),Cuba,1–2,Bermuda
CONCACAF_R2,Unknown Date,Cuba,1–2,Bermuda
CONCACAF_R2,10 June 2025(2025-06-10),Honduras,2–0,Antigua and Barbuda
CONCACAF_R2,Unknown Date,Honduras,2–0,Antigua and Barbuda
CONCACAF_R2,5 June 2024(2024-06-05),Trinidad and Tobago,2–2,Grenada
CONCACAF_R2,Unknown Date,Trinidad and Tobago,2–2,Grenada
CONCACAF_R2,6 June 2024(2024-06-06),Costa Rica,4–0,Saint Kitts and Nevis
CONCACAF_R2,Unknown Date,Costa Rica,4–0,Saint Kitts and Nevis
CONCACAF_R2,8 June 2024(2024-06-08),Bahamas,1–7,Trinidad and Tobago
CONCACAF_R2,Unknown Date,Bahamas,1–7,Trinidad and Tobago
CONCACAF_R2,9 June 2024(2024-06-09),Grenada,0–3,Costa Rica
CONCACAF_R2,Unknown Date,Grenada,0–3,Costa Rica
CONCACAF_R2,11 June 2024(2024-06-11),Saint Kitts and Nevis,1–0,Bahamas
CONCACAF_R2,Unknown Date,Saint Kitts and Nevis,1–0,Bahamas
CONCACAF_R2,4 June 2025(2025-06-04),Grenada,6–0,Bahamas
CONCACAF_R2,Unknown Date,Grenada,6–0,Bahamas
CONCACAF_R2,6 June 2025(2025-06-06),Trinidad and Tobago,6–2,Saint Kitts and Nevis
CONCACAF_R2,Unknown Date,Trinidad and Tobago,6–2,Saint Kitts and Nevis
CONCACAF_R2,7 June 2025(2025-06-07),Bahamas,0–8,Costa Rica
CONCACAF_R2,Unknown Date,Bahamas,0–8,Costa Rica
CONCACAF_R2,10 June 2025(2025-06-10),Saint Kitts and Nevis,2–3,Grenada
CONCACAF_R2,Unknown Date,Saint Kitts and Nevis,2–3,Grenada
CONCACAF_R2,10 June 2025(2025-06-10),Costa Rica,2–1,Trinidad and Tobago
CONCACAF_R2,Unknown Date,Costa Rica,2–1,Trinidad and Tobago
CONCACAF_R2,5 June 2024(2024-06-05),Curaçao,4–1,Barbados
CONCACAF_R2,Unknown Date,Curaçao,4–1,Barbados
CONCACAF_R2,6 June 2024(2024-06-06),Haiti,2–1,Saint Lucia
CONCACAF_R2,Unknown Date,Haiti,2–1,Saint Lucia
CONCACAF_R2,8 June 2024(2024-06-08),Aruba,0–2,Curaçao
CONCACAF_R2,Unknown Date,Aruba,0–2,Curaçao
CONCACAF_R2,9 June 2024(2024-06-09),Barbados,1–3,Haiti
CONCACAF_R2,Unknown Date,Barbados,1–3,Haiti
CONCACAF_R2,11 June 2024(2024-06-11),Saint Lucia,2–2,Aruba
CONCACAF_R2,Unknown Date,Saint Lucia,2–2,Aruba
CONCACAF_R2,4 June 2025(2025-06-04),Barbados,1–1,Aruba
CONCACAF_R2,Unknown Date,Barbados,1–1,Aruba
CONCACAF_R2,6 June 2025(2025-06-06),Curaçao,4–0,Saint Lucia
CONCACAF_R2,Unknown Date,Curaçao,4–0,Saint Lucia
CONCACAF_R2,7 June 2025(2025-06-07),Aruba,0–5,Haiti
CONCACAF_R2,Unknown Date,Aruba,0–5,Haiti
CONCACAF_R2,10 June 2025(2025-06-10),Saint Lucia,2–1,Barbados
CONCACAF_R2,Unknown Date,Saint Lucia,2–1,Barbados
CONCACAF_R2,10 June 2025(2025-06-10),Haiti,1–5,Curaçao
CONCACAF_R2,Unknown Date,Haiti,1–5,Curaçao
CONCACAF_R2,5 June 2024(2024-06-05),Nicaragua,4–1,Montserrat
CONCACAF_R2,Unknown Date,Nicaragua,4–1,Montserrat
CONCACAF_R2,6 June 2024(2024-06-06),Panama,2–0,Guyana
CONCACAF_R2,Unknown Date,Panama,2–0,Guyana
CONCACAF_R2,8 June 2024(2024-06-08),Belize,0–4,Nicaragua
CONCACAF_R2,Unknown Date,Belize,0–4,Nicaragua
CONCACAF_R2,9 June 2024(2024-06-09),Montserrat,1–3,Panama
CONCACAF_R2,Unknown Date,Montserrat,1–3,Panama
CONCACAF_R2,11 June 2024(2024-06-11),Guyana,3–1,Belize
CONCACAF_R2,Unknown Date,Guyana,3–1,Belize
CONCACAF_R2,4 June 2025(2025-06-04),Montserrat,1–0,Belize
CONCACAF_R2,Unknown Date,Montserrat,1–0,Belize
CONCACAF_R2,6 June 2025(2025-06-06),Nicaragua,1–0,Guyana
CONCACAF_R2,Unknown Date,Nicaragua,1–0,Guyana
CONCACAF_R2,7 June 2025(2025-06-07),Belize,0–2,Panama
CONCACAF_R2,Unknown Date,Belize,0–2,Panama
CONCACAF_R2,10 June 2025(2025-06-10),Guyana,3–0,Montserrat
CONCACAF_R2,Unknown Date,Guyana,3–0,Montserrat
CONCACAF_R2,10 June 2025(2025-06-10),Panama,3–0,Nicaragua
CONCACAF_R2,Unknown Date,Panama,3–0,Nicaragua
CONCACAF_R2,5 June 2024(2024-06-05),Guatemala,6–0,Dominica
CONCACAF_R2,Unknown Date,Guatemala,6–0,Dominica
CONCACAF_R2,6 June 2024(2024-06-06),Jamaica,1–0,Dominican Republic
CONCACAF_R2,Unknown Date,Jamaica,1–0,Dominican Republic
CONCACAF_R2,8 June 2024(2024-06-08),British Virgin Islands,0–3,Guatemala
CONCACAF_R2,Unknown Date,British Virgin Islands,0–3,Guatemala
CONCACAF_R2,9 June 2024(2024-06-09),Dominica,2–3,Jamaica
CONCACAF_R2,Unknown Date,Dominica,2–3,Jamaica
CONCACAF_R2,11 June 2024(2024-06-11),Dominican Republic,4–0,British Virgin Islands
CONCACAF_R2,Unknown Date,Dominican Republic,4–0,British Virgin Islands
CONCACAF_R2,4 June 2025(2025-06-04),Dominica,3–0,British Virgin Islands
CONCACAF_R2,Unknown Date,Dominica,3–0,British Virgin Islands
CONCACAF_R2,6 June 2025(2025-06-06),Guatemala,4–2,Dominican Republic
CONCACAF_R2,Unknown Date,Guatemala,4–2,Dominican Republic
CONCACAF_R2,7 June 2025(2025-06-07),British Virgin Islands,0–1,Jamaica
CONCACAF_R2,Unknown Date,British Virgin Islands,0–1,Jamaica
CONCACAF_R2,10 June 2025(2025-06-10),Dominican Republic,5–0,Dominica
CONCACAF_R2,Unknown Date,Dominican Republic,5–0,Dominica
CONCACAF_R2,10 June 2025(2025-06-10),Jamaica,3–0,Guatemala
CONCACAF_R2,Unknown Date,Jamaica,3–0,Guatemala
CONCACAF_R2,5 June 2024(2024-06-05),Suriname,4–1,Saint Vincent and the Grenadines
CONCACAF_R2,Unknown Date,Suriname,4–1,Saint Vincent and the Grenadines
CONCACAF_R2,6 June 2024(2024-06-06),El Salvador,0–0,Puerto Rico
CONCACAF_R2,Unknown Date,El Salvador,0–0,Puerto Rico
CONCACAF_R2,8 June 2024(2024-06-08),Anguilla,0–4,Suriname
CONCACAF_R2,Unknown Date,Anguilla,0–4,Suriname
CONCACAF_R2,9 June 2024(2024-06-09),Saint Vincent and the Grenadines,1–3,El Salvador
CONCACAF_R2,Unknown Date,Saint Vincent and the Grenadines,1–3,El Salvador
CONCACAF_R2,11 June 2024(2024-06-11),Puerto Rico,8–0,Anguilla
CONCACAF_R2,Unknown Date,Puerto Rico,8–0,Anguilla
CONCACAF_R2,4 June 2025(2025-06-04),Saint Vincent and the Grenadines,6–0,Anguilla
CONCACAF_R2,Unknown Date,Saint Vincent and the Grenadines,6–0,Anguilla
CONCACAF_R2,6 June 2025(2025-06-06),Suriname,1–0,Puerto Rico
CONCACAF_R2,Unknown Date,Suriname,1–0,Puerto Rico
CONCACAF_R2,7 June 2025(2025-06-07),Anguilla,0–3,El Salvador
CONCACAF_R2,Unknown Date,Anguilla,0–3,El Salvador
CONCACAF_R2,10 June 2025(2025-06-10),Puerto Rico,2–1,Saint Vincent and the Grenadines
CONCACAF_R2,Unknown Date,Puerto Rico,2–1,Saint Vincent and the Grenadines
CONCACAF_R2,10 June 2025(2025-06-10),El Salvador,1–1,Suriname
CONCACAF_R2,Unknown Date,El Salvador,1–1,Suriname
CONCACAF_R3,4 September 2025(2025-09-04),Suriname,0–0,Panama
CONCACAF_R3,Unknown Date,Suriname,0–0,Panama
CONCACAF_R3,4 September 2025(2025-09-04),Guatemala,0–1,El Salvador
CONCACAF_R3,Unknown Date,Guatemala,0–1,El Salvador
CONCACAF_R3,8 September 2025(2025-09-08),El Salvador,1–2,Suriname
CONCACAF_R3,Unknown Date,El Salvador,1–2,Suriname
CONCACAF_R3,8 September 2025(2025-09-08),Panama,1–1,Guatemala
CONCACAF_R3,Unknown Date,Panama,1–1,Guatemala
CONCACAF_R3,10 October 2025(2025-10-10),Suriname,1–1,Guatemala
CONCACAF_R3,Unknown Date,Suriname,1–1,Guatemala
CONCACAF_R3,10 October 2025(2025-10-10),El Salvador,0–1,Panama
CONCACAF_R3,Unknown Date,El Salvador,0–1,Panama
CONCACAF_R3,14 October 2025(2025-10-14),Panama,1–1,Suriname
CONCACAF_R3,Unknown Date,Panama,1–1,Suriname
CONCACAF_R3,14 October 2025(2025-10-14),El Salvador,0–1,Guatemala
CONCACAF_R3,Unknown Date,El Salvador,0–1,Guatemala
CONCACAF_R3,13 November 2025(2025-11-13),Suriname,4–0,El Salvador
CONCACAF_R3,Unknown Date,Suriname,4–0,El Salvador
CONCACAF_R3,13 November 2025(2025-11-13),Guatemala,2–3,Panama
CONCACAF_R3,Unknown Date,Guatemala,2–3,Panama
CONCACAF_R3,18 November 2025(2025-11-18),Guatemala,3–1,Suriname
CONCACAF_R3,Unknown Date,Guatemala,3–1,Suriname
CONCACAF_R3,18 November 2025(2025-11-18),Panama,3–0,El Salvador
CONCACAF_R3,Unknown Date,Panama,3–0,El Salvador
CONCACAF_R3,5 September 2025(2025-09-05),Bermuda,0–4,Jamaica
CONCACAF_R3,Unknown Date,Bermuda,0–4,Jamaica
CONCACAF_R3,5 September 2025(2025-09-05),Trinidad and Tobago,0–0,Curaçao
CONCACAF_R3,Unknown Date,Trinidad and Tobago,0–0,Curaçao
CONCACAF_R3,9 September 2025(2025-09-09),Jamaica,2–0,Trinidad and Tobago
CONCACAF_R3,Unknown Date,Jamaica,2–0,Trinidad and Tobago
CONCACAF_R3,9 September 2025(2025-09-09),Curaçao,3–2,Bermuda
CONCACAF_R3,Unknown Date,Curaçao,3–2,Bermuda
CONCACAF_R3,10 October 2025(2025-10-10),Bermuda,0–3,Trinidad and Tobago
CONCACAF_R3,Unknown Date,Bermuda,0–3,Trinidad and Tobago
CONCACAF_R3,10 October 2025(2025-10-10),Curaçao,2–0,Jamaica
CONCACAF_R3,Unknown Date,Curaçao,2–0,Jamaica
CONCACAF_R3,14 October 2025(2025-10-14),Curaçao,1–1,Trinidad and Tobago
CONCACAF_R3,Unknown Date,Curaçao,1–1,Trinidad and Tobago
CONCACAF_R3,14 October 2025(2025-10-14),Jamaica,4–0,Bermuda
CONCACAF_R3,Unknown Date,Jamaica,4–0,Bermuda
CONCACAF_R3,13 November 2025(2025-11-13),Bermuda,0–7,Curaçao
CONCACAF_R3,Unknown Date,Bermuda,0–7,Curaçao
CONCACAF_R3,13 November 2025(2025-11-13),Trinidad and Tobago,1–1,Jamaica
CONCACAF_R3,Unknown Date,Trinidad and Tobago,1–1,Jamaica
CONCACAF_R3,18 November 2025(2025-11-18),Jamaica,0–0,Curaçao
CONCACAF_R3,Unknown Date,Jamaica,0–0,Curaçao
CONCACAF_R3,18 November 2025(2025-11-18),Trinidad and Tobago,2–2,Bermuda
CONCACAF_R3,Unknown Date,Trinidad and Tobago,2–2,Bermuda
CONCACAF_R3,5 September 2025(2025-09-05),Haiti,0–0,Honduras
CONCACAF_R3,Unknown Date,Haiti,0–0,Honduras
CONCACAF_R3,5 September 2025(2025-09-05),Nicaragua,1–1,Costa Rica
CONCACAF_R3,Unknown Date,Nicaragua,1–1,Costa Rica
CONCACAF_R3,9 September 2025(2025-09-09),Costa Rica,3–3,Haiti
CONCACAF_R3,Unknown Date,Costa Rica,3–3,Haiti
CONCACAF_R3,9 September 2025(2025-09-09),Honduras,2–0,Nicaragua
CONCACAF_R3,Unknown Date,Honduras,2–0,Nicaragua
CONCACAF_R3,9 October 2025(2025-10-09),Nicaragua,0–3,Haiti
CONCACAF_R3,Unknown Date,Nicaragua,0–3,Haiti
CONCACAF_R3,9 October 2025(2025-10-09),Honduras,0–0,Costa Rica
CONCACAF_R3,Unknown Date,Honduras,0–0,Costa Rica
CONCACAF_R3,13 October 2025(2025-10-13),Honduras,3–0,Haiti
CONCACAF_R3,Unknown Date,Honduras,3–0,Haiti
CONCACAF_R3,13 October 2025(2025-10-13),Costa Rica,4–1,Nicaragua
CONCACAF_R3,Unknown Date,Costa Rica,4–1,Nicaragua
CONCACAF_R3,13 November 2025(2025-11-13),Haiti,1–0,Costa Rica
CONCACAF_R3,Unknown Date,Haiti,1–0,Costa Rica
CONCACAF_R3,13 November 2025(2025-11-13),Nicaragua,2–0,Honduras
CONCACAF_R3,Unknown Date,Nicaragua,2–0,Honduras
CONCACAF_R3,18 November 2025(2025-11-18),Costa Rica,0–0,Honduras
CONCACAF_R3,Unknown Date,Costa Rica,0–0,Honduras
CONCACAF_R3,18 November 2025(2025-11-18),Haiti,2–0,Nicaragua
CONCACAF_R3,Unknown Date,Haiti,2–0,Nicaragua
